City,month,transaction_value_thousand_sar,weekly_obs,group_key,lag_1,lag_2,lag_3,lag_6,lag_12,rolling_3,rolling_std_3,rolling_6,rolling_std_6,rolling_12,rolling_std_12,month_num,month_sin,month_cos,year,trend_months
Abha,2020-05-01,360485.0,4,abha,,,,,,,,,,,,5,0.49999999999999994,-0.8660254037844387,2020,5
Abha,2020-06-01,560156.0,4,abha,360485.0,,,,,360485.0,,360485.0,,360485.0,,6,1.2246467991473532e-16,-1.0,2020,6
Abha,2020-07-01,582462.0,4,abha,560156.0,360485.0,,,,460320.5,141188.71810629914,460320.5,141188.71810629914,460320.5,141188.71810629914,7,-0.4999999999999997,-0.8660254037844388,2020,7
Abha,2020-08-01,679440.0,5,abha,582462.0,560156.0,360485.0,,,501034.3333333333,122229.19346184583,501034.3333333333,122229.19346184583,501034.3333333333,122229.19346184583,8,-0.8660254037844384,-0.5000000000000004,2020,8
Abha,2020-09-01,475172.0,4,abha,679440.0,582462.0,560156.0,,,607352.6666666666,63417.87704845802,545635.75,133854.88148582156,545635.75,133854.88148582156,9,-1.0,-1.8369701987210297e-16,2020,9
Abha,2020-10-01,438134.0,4,abha,475172.0,679440.0,582462.0,,,579024.6666666666,102177.37225694023,531543.0,120128.57689159563,531543.0,120128.57689159563,10,-0.8660254037844386,0.5000000000000001,2020,10
Abha,2020-11-01,557885.0,5,abha,438134.0,475172.0,679440.0,360485.0,,530915.3333333334,129952.43675027159,515974.8333333333,114012.74871244298,515974.8333333333,114012.74871244298,11,-0.5000000000000004,0.8660254037844384,2020,11
Abha,2020-12-01,430675.0,4,abha,557885.0,438134.0,475172.0,560156.0,,490397.0,61310.08048437068,548874.8333333334,84946.39267777455,521962.0,105277.46930690663,12,-2.4492935982947064e-16,1.0,2020,12
Abha,2021-01-01,503862.0,5,abha,430675.0,557885.0,438134.0,582462.0,,475564.6666666667,71388.98465683167,527294.6666666666,97086.72665543247,510551.125,102672.65951617791,1,0.49999999999999994,0.8660254037844387,2021,13
Abha,2021-02-01,411226.0,4,abha,503862.0,430675.0,557885.0,679440.0,,497474.0,63845.13241430398,514194.6666666667,93386.46332668701,509807.8888888889,96067.3578009779,2,0.8660254037844386,0.5000000000000001,2021,14
Abha,2021-03-01,506205.0,4,abha,411226.0,503862.0,430675.0,475172.0,,448587.6666666667,48846.74855436494,469492.3333333333,54611.15665746918,499949.7,95787.98800481776,3,1.0,6.123233995736766e-17,2021,15
Abha,2021-04-01,495408.0,4,abha,506205.0,411226.0,503862.0,438134.0,,473764.3333333333,54172.453925711605,474664.5,56686.763163016956,500518.36363636365,90892.0345412872,4,0.8660254037844387,-0.4999999999999998,2021,16
Abha,2021-05-01,725671.0,5,abha,495408.0,506205.0,411226.0,557885.0,360485.0,470946.3333333333,52000.312136883826,484210.1666666667,54066.70405865931,500092.5,86674.71002075414,5,0.49999999999999994,-0.8660254037844387,2021,17
Abha,2021-06-01,703344.0,4,abha,725671.0,495408.0,506205.0,430675.0,560156.0,575761.3333333334,129937.77326987455,512174.5,112070.84524844089,530524.6666666666,96728.0928069018,6,1.2246467991473532e-16,-1.0,2021,18
Abha,2021-07-01,727460.0,4,abha,703344.0,725671.0,495408.0,503862.0,582462.0,641474.3333333334,126988.79490857972,557619.3333333334,126737.19560044976,542457.0,108794.84547950371,7,-0.4999999999999997,-0.8660254037844388,2021,19
Abha,2021-08-01,862666.0,5,abha,727460.0,703344.0,725671.0,411226.0,679440.0,718825.0,13436.746295140976,594885.6666666666,139953.49749779984,554540.1666666666,121008.33082353037,8,-0.8660254037844384,-0.5000000000000004,2021,20
Abha,2021-09-01,553465.0,4,abha,862666.0,727460.0,703344.0,506205.0,475172.0,764490.0,85873.68977748648,670125.6666666666,142789.3521725856,569809.0,146974.670347092,9,-1.0,-1.8369701987210297e-16,2021,21
Abha,2021-10-01,664155.0,5,abha,553465.0,862666.0,727460.0,495408.0,438134.0,714530.3333333334,155005.47348507834,678002.3333333334,132899.56387387688,576333.4166666666,144101.3656401495,10,-0.8660254037844386,0.5000000000000001,2021,22
Abha,2021-11-01,510644.0,4,abha,664155.0,553465.0,862666.0,725671.0,557885.0,693428.6666666666,156665.32887123854,706126.8333333334,100415.73926714217,595168.5,139079.3320816315,11,-0.5000000000000004,0.8660254037844384,2021,23
Abha,2021-12-01,515128.0,4,abha,510644.0,664155.0,553465.0,703344.0,430675.0,576088.0,79216.51896542782,670289.0,126918.92321635889,591231.75,140887.4542631458,12,-2.4492935982947064e-16,1.0,2021,24
Abha,2022-01-01,632814.0,5,abha,515128.0,510644.0,664155.0,727460.0,503862.0,563309.0,87363.97055422781,638919.6666666666,139728.4207348908,598269.5,134083.07267206334,1,0.49999999999999994,0.8660254037844387,2022,25
Abha,2022-02-01,524745.0,4,abha,632814.0,515128.0,510644.0,862666.0,411226.0,552862.0,69276.75145386066,623145.3333333334,132909.79556927568,609015.5,130960.02248465682,2,0.8660254037844386,0.5000000000000001,2022,26
Abha,2022-03-01,621547.0,4,abha,524745.0,632814.0,515128.0,553465.0,506205.0,557562.3333333334,65347.0096816474,566825.1666666666,65735.49663740775,618475.4166666666,118920.42907336159,3,1.0,6.123233995736766e-17,2022,27
Abha,2022-04-01,580202.0,4,abha,621547.0,524745.0,632814.0,664155.0,495408.0,593035.3333333334,59408.86753956279,578172.1666666666,68773.88476279819,628087.25,113561.7145177218,4,0.8660254037844387,-0.4999999999999998,2022,28
Abha,2022-05-01,723274.0,5,abha,580202.0,621547.0,524745.0,510644.0,725671.0,575498.0,48572.13720848595,564180.0,54928.36126082753,635153.4166666666,107004.22179305767,5,0.49999999999999994,-0.8660254037844387,2022,29
Abha,2022-06-01,642938.0,4,abha,723274.0,580202.0,621547.0,515128.0,703344.0,641674.3333333334,73629.01232756906,599618.3333333334,77453.42997870817,634953.6666666666,106821.96905925752,6,1.2246467991473532e-16,-1.0,2022,30
Abha,2022-07-01,1043379.0,5,abha,642938.0,723274.0,580202.0,632814.0,727460.0,648804.6666666666,71716.19502827319,620920.0,66348.44407218594,629919.8333333334,104708.55741692432,7,-0.4999999999999997,-0.8660254037844388,2022,31
Abha,2022-08-01,855912.0,4,abha,1043379.0,642938.0,723274.0,524745.0,862666.0,803197.0,211846.67348580196,689347.5,185605.3787267492,656246.4166666666,157745.48904857546,8,-0.8660254037844384,-0.5000000000000004,2022,32
Abha,2022-09-01,620748.0,4,abha,855912.0,1043379.0,642938.0,621547.0,553465.0,847409.6666666666,200355.8481161289,744542.0,175851.03680899928,655683.5833333334,156952.08645690008,9,-1.0,-1.8369701987210297e-16,2022,33
Abha,2022-10-01,734873.0,5,abha,620748.0,855912.0,1043379.0,580202.0,664155.0,840013.0,211763.60450039565,744408.8333333334,175963.07211732434,661290.5,154145.1906792601,10,-0.8660254037844386,0.5000000000000001,2022,34
Abha,2022-11-01,555122.0,4,abha,734873.0,620748.0,855912.0,723274.0,510644.0,737177.6666666666,117598.93851703478,770187.3333333334,157451.50070757244,667183.6666666666,155609.52409817532,11,-0.5000000000000004,0.8660254037844384,2022,35
Abha,2022-12-01,561684.0,4,abha,555122.0,734873.0,620748.0,642938.0,515128.0,636914.3333333334,90959.43189319801,742162.0,180717.78898713877,670890.1666666666,152030.45630269632,12,-2.4492935982947064e-16,1.0,2022,36
Abha,2023-01-01,673608.0,5,abha,561684.0,555122.0,734873.0,1043379.0,632814.0,617226.3333333334,101937.81729237353,728619.6666666666,192312.83568047834,674769.8333333334,148241.01033350037,1,0.49999999999999994,0.8660254037844387,2023,37
Abha,2023-02-01,581510.0,4,abha,673608.0,561684.0,555122.0,855912.0,524745.0,596804.6666666666,66594.51155563297,666991.1666666666,114965.68819681222,678169.3333333334,147658.00390665236,2,0.8660254037844386,0.5000000000000001,2023,38
Abha,2023-03-01,599734.0,4,abha,581510.0,673608.0,561684.0,620748.0,621547.0,605600.6666666666,59724.497564511454,621257.5,70925.43450624718,682899.75,143136.05284174083,3,1.0,6.123233995736766e-17,2023,39
Abha,2023-04-01,752421.0,5,abha,599734.0,581510.0,673608.0,734873.0,580202.0,618284.0,48770.7625119805,617755.1666666666,71472.35791385802,681082.0,144121.14768611727,4,0.8660254037844387,-0.4999999999999998,2023,40
Abha,2023-05-01,639395.0,4,abha,752421.0,599734.0,581510.0,555122.0,723274.0,644555.0,93858.05245688833,620679.8333333334,77341.40865129512,695433.5833333334,141717.01011167435,5,0.49999999999999994,-0.8660254037844387,2023,41
Abha,2023-06-01,705888.0,4,abha,639395.0,752421.0,599734.0,561684.0,642938.0,663850.0,79226.6701370189,634725.3333333334,70394.9415673217,688443.6666666666,142286.4419870471,6,1.2246467991473532e-16,-1.0,2023,42
Abha,2023-07-01,1155568.0,5,abha,705888.0,639395.0,752421.0,673608.0,1043379.0,699234.6666666666,56805.97945932572,658759.3333333334,64869.91414721199,693689.5,141615.05478681534,7,-0.4999999999999997,-0.8660254037844388,2023,43
Abha,2023-08-01,818965.0,4,abha,1155568.0,705888.0,639395.0,581510.0,855912.0,833617.0,280792.92114118545,739086.0,213974.1371820437,703038.5833333334,168037.65790249532,8,-0.8660254037844384,-0.5000000000000004,2023,44
Abha,2023-09-01,630600.0,4,abha,818965.0,1155568.0,705888.0,599734.0,620748.0,893473.6666666666,233915.9713579501,778661.8333333334,200538.09427379814,699959.6666666666,165298.1039957992,9,-1.0,-1.8369701987210297e-16,2023,45
Abha,2023-10-01,741692.0,5,abha,630600.0,818965.0,1155568.0,752421.0,734873.0,868377.6666666666,265949.35415663884,783806.1666666666,195359.15040296104,700780.6666666666,164892.88031453703,10,-0.8660254037844386,0.5000000000000001,2023,46
Abha,2023-11-01,575366.0,4,abha,741692.0,630600.0,818965.0,639395.0,555122.0,730419.0,94687.13588972889,782018.0,195752.58738417758,701348.9166666666,165032.73969095194,11,-0.5000000000000004,0.8660254037844384,2023,47
Abha,2023-12-01,723779.0,5,abha,575366.0,741692.0,630600.0,705888.0,561684.0,649219.3333333334,84711.83063382187,771346.5,206531.26680456902,703035.9166666666,163498.4262851471,12,-2.4492935982947064e-16,1.0,2023,48
Abha,2024-01-01,565686.0,4,abha,723779.0,575366.0,741692.0,1155568.0,673608.0,680279.0,91297.7111925594,774328.3333333334,205523.87924196728,716543.8333333334,157338.4986649851,1,0.49999999999999994,0.8660254037844387,2024,49
Abha,2024-02-01,607587.0,4,abha,565686.0,723779.0,575366.0,818965.0,581510.0,621610.3333333334,88612.93887651691,676014.6666666666,101385.20818278524,707550.3333333334,162998.4490641961,2,0.8660254037844386,0.5000000000000001,2024,50
Abha,2024-03-01,770379.0,5,abha,607587.0,565686.0,723779.0,630600.0,599734.0,632350.6666666666,81904.08141437959,640785.0,75094.03901242778,709723.4166666666,161330.62417423096,3,1.0,6.123233995736766e-17,2024,51
Abha,2024-04-01,586340.0,4,abha,770379.0,607587.0,565686.0,741692.0,752421.0,647884.0,108132.7527578947,664081.5,91247.00829451907,723943.8333333334,158245.51071319144,4,0.8660254037844387,-0.4999999999999998,2024,52
Abha,2024-05-01,654642.0,4,abha,586340.0,770379.0,607587.0,575366.0,639395.0,654768.6666666666,100683.51718296952,638189.5,86750.28500414292,710103.75,162727.70041789272,5,0.49999999999999994,-0.8660254037844387,2024,53
Abha,2024-06-01,967901.0,5,abha,654642.0,586340.0,770379.0,723779.0,705888.0,670453.6666666666,93032.7629511954,651402.1666666666,81122.75264416695,711374.3333333334,162184.02990505082,6,1.2246467991473532e-16,-1.0,2024,54
Abha,2024-07-01,928276.0,4,abha,967901.0,654642.0,586340.0,565686.0,1155568.0,736294.3333333334,203463.82192992765,692089.1666666666,153561.07492905456,733208.75,178222.32922092514,7,-0.4999999999999997,-0.8660254037844388,2024,55
Abha,2024-08-01,798759.0,4,abha,928276.0,967901.0,654642.0,607587.0,818965.0,850273.0,170575.93991240376,752520.8333333334,164802.64582028633,714267.75,136433.1148659398,8,-0.8660254037844384,-0.5000000000000004,2024,56
Abha,2024-09-01,817722.0,5,abha,798759.0,928276.0,967901.0,770379.0,630600.0,898312.0,88462.61929764446,784382.8333333334,148889.61689441864,712583.9166666666,135142.0723080703,9,-1.0,-1.8369701987210297e-16,2024,57
Abha,2024-10-01,605030.0,4,abha,817722.0,798759.0,928276.0,586340.0,741692.0,848252.3333333334,69948.11836163509,792273.3333333334,149253.08897261307,728177.4166666666,135617.08924659793,10,-0.8660254037844386,0.5000000000000001,2024,58
Abha,2024-11-01,607871.0,4,abha,605030.0,817722.0,798759.0,654642.0,575366.0,740503.6666666666,117706.13668086006,795388.3333333334,144205.22292159445,716788.9166666666,140044.86649087488,11,-0.5000000000000004,0.8660254037844384,2024,59
Abha,2024-12-01,766961.0,5,abha,607871.0,605030.0,817722.0,967901.0,723779.0,676874.3333333334,121985.92838656969,787593.1666666666,154249.3849600923,719497.6666666666,137349.20135077953,12,-2.4492935982947064e-16,1.0,2024,60
Abha,2025-01-01,577474.0,4,abha,766961.0,607871.0,605030.0,928276.0,565686.0,659954.0,92681.66677935814,754103.1666666666,126609.36358961267,723096.1666666666,138035.52968106922,1,0.49999999999999994,0.8660254037844387,2025,61
Abha,2025-02-01,655769.0,4,abha,577474.0,766961.0,607871.0,798759.0,607587.0,650768.6666666666,101766.83225065675,695636.1666666666,110000.90986426757,724078.5,136850.3353392112,2,0.8660254037844386,0.5000000000000001,2025,62
Abha,2025-03-01,783361.0,5,abha,655769.0,577474.0,766961.0,817722.0,770379.0,666734.6666666666,95218.25022721909,671804.5,98028.9580292479,728093.6666666666,133794.4884598855,3,1.0,6.123233995736766e-17,2025,63
Abha,2025-04-01,616591.0,4,abha,783361.0,655769.0,577474.0,605030.0,586340.0,672201.3333333334,103922.47291290418,666077.6666666666,88322.7481765978,729175.5,134219.29170475935,4,0.8660254037844387,-0.4999999999999998,2025,64
Abha,2025-05-01,674851.0,4,abha,616591.0,783361.0,655769.0,607871.0,654642.0,685240.3333333334,87203.65727039952,668004.5,86838.21241769112,731696.4166666666,131550.20826938935,5,0.49999999999999994,-0.8660254037844387,2025,65
Abha,2025-06-01,904753.0,5,abha,674851.0,616591.0,783361.0,766961.0,967901.0,691601.0,84637.34459445174,679167.8333333334,81715.96215285429,733380.5,130600.01910100102,6,1.2246467991473532e-16,-1.0,2025,66
Buraidah,2020-05-01,689836.0,4,buraidah,,,,,,,,,,,,5,0.49999999999999994,-0.8660254037844387,2020,5
Buraidah,2020-06-01,1024870.0,4,buraidah,689836.0,,,,,689836.0,,689836.0,,689836.0,,6,1.2246467991473532e-16,-1.0,2020,6
Buraidah,2020-07-01,769468.0,4,buraidah,1024870.0,689836.0,,,,857353.0,236904.81332805377,857353.0,236904.81332805377,857353.0,236904.81332805377,7,-0.4999999999999997,-0.8660254037844388,2020,7
Buraidah,2020-08-01,954990.0,5,buraidah,769468.0,1024870.0,689836.0,,,828058.0,175032.95793649834,828058.0,175032.95793649834,828058.0,175032.95793649834,8,-0.8660254037844384,-0.5000000000000004,2020,8
Buraidah,2020-09-01,815796.0,4,buraidah,954990.0,769468.0,1024870.0,,,916442.6666666666,131992.30311398214,859791.0,156372.28249277428,859791.0,156372.28249277428,9,-1.0,-1.8369701987210297e-16,2020,9
Buraidah,2020-10-01,802475.0,4,buraidah,815796.0,954990.0,769468.0,,,846751.3333333334,96557.12100789529,850992.0,136844.18165928722,850992.0,136844.18165928722,10,-0.8660254037844386,0.5000000000000001,2020,10
Buraidah,2020-11-01,1050511.0,5,buraidah,802475.0,815796.0,954990.0,689836.0,,857753.6666666666,84472.12942937647,842905.8333333334,123989.4374185425,842905.8333333334,123989.4374185425,11,-0.5000000000000004,0.8660254037844384,2020,11
Buraidah,2020-12-01,887983.0,4,buraidah,1050511.0,802475.0,815796.0,1024870.0,,889594.0,139517.28540578758,903018.3333333334,122356.33074698938,872563.7142857143,137725.37823837972,12,-2.4492935982947064e-16,1.0,2020,12
Buraidah,2021-01-01,1076687.0,5,buraidah,887983.0,1050511.0,802475.0,769468.0,,913656.3333333334,125995.2552969092,880203.8333333334,106874.30232458438,874491.125,127625.40831941117,1,0.49999999999999994,0.8660254037844387,2021,13
Buraidah,2021-02-01,835974.0,4,buraidah,1076687.0,887983.0,1050511.0,954990.0,,1005060.3333333334,102233.17577642456,931407.0,116381.4476847577,896957.3333333334,137094.08774451216,2,0.8660254037844386,0.5000000000000001,2021,14
Buraidah,2021-03-01,972496.0,4,buraidah,835974.0,1076687.0,887983.0,815796.0,,933548.0,126660.2305816628,911571.0,121584.29590206128,890859.0,130684.2596175139,3,1.0,6.123233995736766e-17,2021,15
Buraidah,2021-04-01,918088.0,4,buraidah,972496.0,835974.0,1076687.0,802475.0,,961719.0,120717.83169441037,937687.6666666666,113455.03812817948,898280.5454545454,126397.8276983933,4,0.8660254037844387,-0.4999999999999998,2021,16
Buraidah,2021-05-01,1138484.0,5,buraidah,918088.0,972496.0,835974.0,1050511.0,689836.0,908852.6666666666,68727.96124819448,956956.5,94057.62325457728,899931.1666666666,120651.16852075755,5,0.49999999999999994,-0.8660254037844387,2021,17
Buraidah,2021-06-01,903060.0,4,buraidah,1138484.0,918088.0,972496.0,887983.0,1024870.0,1009689.3333333334,114809.00329387639,971618.6666666666,115882.78255145009,937318.5,119132.26874857131,6,1.2246467991473532e-16,-1.0,2021,18
Buraidah,2021-07-01,880083.0,4,buraidah,903060.0,1138484.0,918088.0,1076687.0,769468.0,986544.0,131798.26590664987,974131.5,113852.16423722476,927167.6666666666,116146.21611285204,7,-0.4999999999999997,-0.8660254037844388,2021,19
Buraidah,2021-08-01,1132761.0,5,buraidah,880083.0,903060.0,1138484.0,835974.0,954990.0,973875.6666666666,143017.17793444713,941364.1666666666,106486.50381793304,936385.5833333334,106479.8400923073,8,-0.8660254037844384,-0.5000000000000004,2021,20
Buraidah,2021-09-01,944996.0,4,buraidah,1132761.0,880083.0,903060.0,972496.0,815796.0,971968.0,139723.93234159987,990828.6666666666,116225.74370192975,951199.8333333334,120717.98680533626,9,-1.0,-1.8369701987210297e-16,2021,21
Buraidah,2021-10-01,1154150.0,5,buraidah,944996.0,1132761.0,880083.0,918088.0,802475.0,985946.6666666666,131222.18084734495,986245.3333333334,117627.05683245952,961966.5,113062.48950148202,10,-0.8660254037844386,0.5000000000000001,2021,22
Buraidah,2021-11-01,981077.0,4,buraidah,1154150.0,944996.0,1132761.0,1138484.0,1050511.0,1077302.3333333333,115078.65445135042,1025589.0,129181.75788864306,991272.75,113540.17129963303,11,-0.5000000000000004,0.8660254037844384,2021,23
Buraidah,2021-12-01,962351.0,4,buraidah,981077.0,1154150.0,944996.0,903060.0,887983.0,1026741.0,111804.5151190236,999354.5,117086.44330877931,985486.5833333334,112005.7230051283,12,-2.4492935982947064e-16,1.0,2021,24
Buraidah,2022-01-01,1241534.0,5,buraidah,962351.0,981077.0,1154150.0,880083.0,1076687.0,1032526.0,105744.80507807453,1009236.3333333334,109596.44203653083,991683.9166666666,108110.01341769529,1,0.49999999999999994,0.8660254037844387,2022,25
Buraidah,2022-02-01,965796.0,4,buraidah,1241534.0,962351.0,981077.0,1132761.0,835974.0,1061654.0,156061.77164507643,1069478.1666666667,122934.17105331885,1005421.1666666666,128452.50998208243,2,0.8660254037844386,0.5000000000000001,2022,26
Buraidah,2022-03-01,1141290.0,4,buraidah,965796.0,1241534.0,962351.0,944996.0,972496.0,1056560.3333333333,160201.15488451795,1041650.6666666666,124629.93879107323,1016239.6666666666,117919.02181453587,3,1.0,6.123233995736766e-17,2022,27
Buraidah,2022-04-01,1098774.0,4,buraidah,1141290.0,965796.0,1241534.0,1154150.0,918088.0,1116206.6666666667,139569.84405427022,1074366.3333333333,119855.82280501291,1030305.8333333334,122215.77257221859,4,0.8660254037844387,-0.4999999999999998,2022,28
Buraidah,2022-05-01,1201987.0,5,buraidah,1098774.0,1141290.0,965796.0,981077.0,1138484.0,1068620.0,91550.44399673867,1065137.0,114495.68416669682,1045363.0,118197.85962990584,5,0.49999999999999994,-0.8660254037844387,2022,29
Buraidah,2022-06-01,1074645.0,4,buraidah,1201987.0,1098774.0,1141290.0,962351.0,903060.0,1147350.3333333333,51872.69582673836,1101955.3333333333,117536.89577943881,1050654.9166666667,124024.03666698748,6,1.2246467991473532e-16,-1.0,2022,30
Buraidah,2022-07-01,1302967.0,5,buraidah,1074645.0,1201987.0,1098774.0,1241534.0,880083.0,1125135.3333333333,67640.12242991076,1120671.0,98213.47839884298,1064953.6666666667,115025.44858210796,7,-0.4999999999999997,-0.8660254037844388,2022,31
Buraidah,2022-08-01,1090150.0,4,buraidah,1302967.0,1074645.0,1201987.0,965796.0,1132761.0,1193199.6666666667,114414.36466341677,1130909.8333333333,115086.40344961114,1100194.0,117979.19784513631,8,-0.8660254037844384,-0.5000000000000004,2022,32
Buraidah,2022-09-01,1084036.0,4,buraidah,1090150.0,1302967.0,1074645.0,1141290.0,944996.0,1155920.6666666667,127581.61845004678,1151635.5,87230.57697562252,1096643.0833333333,117550.36317291127,9,-1.0,-1.8369701987210297e-16,2022,33
Buraidah,2022-10-01,1317189.0,5,buraidah,1084036.0,1090150.0,1302967.0,1098774.0,1154150.0,1159051.0,124672.39686875351,1142093.1666666667,91610.25496617,1108229.75,107682.21649255733,10,-0.8660254037844386,0.5000000000000001,2022,34
Buraidah,2022-11-01,1087249.0,4,buraidah,1317189.0,1084036.0,1090150.0,1201987.0,981077.0,1163791.6666666667,132881.15612957807,1178495.6666666667,112065.46540958401,1121816.3333333333,123174.0132999823,11,-0.5000000000000004,0.8660254037844384,2022,35
Buraidah,2022-12-01,1088849.0,4,buraidah,1087249.0,1317189.0,1084036.0,1074645.0,962351.0,1162824.6666666667,133693.08656895204,1159372.6666666667,116938.71843776412,1130664.0,115734.09146440333,12,-2.4492935982947064e-16,1.0,2022,36
Buraidah,2023-01-01,1275987.0,5,buraidah,1088849.0,1087249.0,1317189.0,1302967.0,1241534.0,1164429.0,132296.45951422877,1161740.0,115008.26388394884,1141205.5,104195.58915241153,1,0.49999999999999994,0.8660254037844387,2023,37
Buraidah,2023-02-01,1117467.0,4,buraidah,1275987.0,1088849.0,1087249.0,1090150.0,965796.0,1150695.0,108509.0039950601,1157243.3333333333,108738.67317687246,1144076.5833333333,107629.52289426411,2,0.8660254037844386,0.5000000000000001,2023,38
Buraidah,2023-03-01,1171688.0,4,buraidah,1117467.0,1275987.0,1088849.0,1084036.0,1141290.0,1160767.6666666667,100803.6138307219,1161796.1666666667,105902.565397476,1156715.8333333333,92653.97603579874,3,1.0,6.123233995736766e-17,2023,39
Buraidah,2023-04-01,1402712.0,5,buraidah,1171688.0,1117467.0,1275987.0,1317189.0,1098774.0,1188380.6666666667,80567.55823737803,1176404.8333333333,98840.773757426,1159249.0,92609.42337090135,4,0.8660254037844387,-0.4999999999999998,2023,40
Buraidah,2023-05-01,1080722.0,4,buraidah,1402712.0,1171688.0,1117467.0,1087249.0,1201987.0,1230622.3333333333,151479.76511842536,1190658.6666666667,125716.51784656884,1184577.1666666667,113722.2984017989,5,0.49999999999999994,-0.8660254037844387,2023,41
Buraidah,2023-06-01,1148875.0,4,buraidah,1080722.0,1402712.0,1171688.0,1088849.0,1074645.0,1218374.0,165994.2076459296,1189570.8333333333,126813.74178442436,1174471.75,117364.13138226501,6,1.2246467991473532e-16,-1.0,2023,42
Buraidah,2023-07-01,1345539.0,5,buraidah,1148875.0,1080722.0,1402712.0,1275987.0,1302967.0,1210769.6666666667,169683.8305388387,1199575.1666666667,119431.46030659866,1180657.5833333333,113517.46836857544,7,-0.4999999999999997,-0.8660254037844388,2023,43
Buraidah,2023-08-01,1146356.0,4,buraidah,1345539.0,1148875.0,1080722.0,1117467.0,1090150.0,1191712.0,137507.33543705952,1211167.1666666667,131133.36275626675,1184205.25,118253.82129679942,8,-0.8660254037844384,-0.5000000000000004,2023,44
Buraidah,2023-09-01,1128016.0,4,buraidah,1146356.0,1345539.0,1148875.0,1171688.0,1084036.0,1213590.0,114278.12691412127,1215982.0,127484.48102416223,1188889.0833333333,115265.12714800985,9,-1.0,-1.8369701987210297e-16,2023,45
Buraidah,2023-10-01,1384934.0,5,buraidah,1128016.0,1146356.0,1345539.0,1402712.0,1317189.0,1206637.0,120641.6723317445,1208703.3333333333,131696.35477061107,1192554.0833333333,112288.8812559801,10,-0.8660254037844386,0.5000000000000001,2023,46
Buraidah,2023-11-01,1178590.0,4,buraidah,1384934.0,1128016.0,1146356.0,1080722.0,1087249.0,1219768.6666666667,143331.01339672907,1205740.3333333333,126558.17493732537,1198199.5,120525.53200765044,11,-0.5000000000000004,0.8660254037844384,2023,47
Buraidah,2023-12-01,1435662.0,5,buraidah,1178590.0,1384934.0,1128016.0,1148875.0,1088849.0,1230513.3333333333,136101.94373826307,1222051.6666666667,112779.48180172953,1205811.25,115667.90106564443,12,-2.4492935982947064e-16,1.0,2023,48
Buraidah,2024-01-01,1138922.0,4,buraidah,1435662.0,1178590.0,1384934.0,1345539.0,1275987.0,1333062.0,136159.9485311301,1269849.5,134285.3754595039,1234712.3333333333,126598.01256614114,1,0.49999999999999994,0.8660254037844387,2024,49
Buraidah,2024-02-01,1232200.0,4,buraidah,1138922.0,1435662.0,1178590.0,1146356.0,1117467.0,1251058.0,161097.3779054147,1235413.3333333333,137448.77060878585,1223290.25,128701.29145436962,2,0.8660254037844386,0.5000000000000001,2024,50
Buraidah,2024-03-01,1599473.0,5,buraidah,1232200.0,1138922.0,1435662.0,1128016.0,1171688.0,1268928.0,151741.11633963947,1249720.6666666667,130622.92362164699,1232851.3333333333,124311.96032294395,3,1.0,6.123233995736766e-17,2024,51
Buraidah,2024-04-01,1082404.0,4,buraidah,1599473.0,1232200.0,1138922.0,1384934.0,1402712.0,1323531.6666666667,243480.822452885,1328296.8333333333,176511.26074720157,1268500.0833333333,161078.3521595835,4,0.8660254037844387,-0.4999999999999998,2024,52
Buraidah,2024-05-01,1161227.0,4,buraidah,1082404.0,1599473.0,1232200.0,1178590.0,1080722.0,1304692.3333333333,266047.81804091774,1277875.1666666667,198888.19767539398,1241807.75,163339.50605751658,5,0.49999999999999994,-0.8660254037844387,2024,53
Buraidah,2024-06-01,1471304.0,5,buraidah,1161227.0,1082404.0,1599473.0,1435662.0,1148875.0,1281034.6666666667,278577.62909884437,1274981.3333333333,200739.42348793024,1248516.5,157676.96757179286,6,1.2246467991473532e-16,-1.0,2024,54
Buraidah,2024-07-01,1099329.0,4,buraidah,1471304.0,1161227.0,1082404.0,1138922.0,1345539.0,1238311.6666666667,205590.2159061401,1280921.6666666667,206878.78970901438,1275385.5833333333,166385.3023155249,7,-0.4999999999999997,-0.8660254037844388,2024,55
Buraidah,2024-08-01,1204456.0,4,buraidah,1099329.0,1471304.0,1161227.0,1232200.0,1146356.0,1243953.3333333333,199309.01842699765,1274322.8333333333,212859.0575018282,1254868.0833333333,172032.65072836794,8,-0.8660254037844384,-0.5000000000000004,2024,56
Buraidah,2024-09-01,1525087.0,5,buraidah,1204456.0,1099329.0,1471304.0,1599473.0,1128016.0,1258363.0,191757.1997162035,1269698.8333333333,214253.88904700565,1259709.75,169500.00460344544,9,-1.0,-1.8369701987210297e-16,2024,57
Buraidah,2024-10-01,1183119.0,4,buraidah,1525087.0,1204456.0,1099329.0,1082404.0,1384934.0,1276290.6666666667,221782.85132609616,1257301.1666666667,192392.07192544758,1292799.0,179892.85361721643,10,-0.8660254037844386,0.5000000000000001,2024,58
Buraidah,2024-11-01,1264553.0,4,buraidah,1183119.0,1525087.0,1204456.0,1161227.0,1178590.0,1304220.6666666667,191573.14475764413,1274087.0,177930.84973550797,1275981.0833333333,179929.92649435773,11,-0.5000000000000004,0.8660254037844384,2024,59
Buraidah,2024-12-01,1603661.0,5,buraidah,1264553.0,1183119.0,1525087.0,1471304.0,1435662.0,1324253.0,178629.7728711536,1291308.0,169629.64183656083,1283144.6666666667,177393.3323008159,12,-2.4492935982947064e-16,1.0,2024,60
Buraidah,2025-01-01,1226322.0,4,buraidah,1603661.0,1264553.0,1183119.0,1099329.0,1138922.0,1350444.3333333333,223040.09571674166,1313367.5,203035.55565442203,1297144.5833333333,196160.77560810684,1,0.49999999999999994,0.8660254037844387,2025,61
Buraidah,2025-02-01,1374331.0,4,buraidah,1226322.0,1603661.0,1264553.0,1204456.0,1232200.0,1364845.3333333333,207701.93625561916,1334533.0,181765.64776986846,1304427.9166666667,191314.69502531315,2,0.8660254037844386,0.5000000000000001,2025,62
Buraidah,2025-03-01,1756774.0,5,buraidah,1374331.0,1226322.0,1603661.0,1525087.0,1599473.0,1401438.0,190124.3601356753,1362845.5,170322.06109808522,1316272.1666666667,190835.6198587637,3,1.0,6.123233995736766e-17,2025,63
Buraidah,2025-04-01,1217770.0,4,buraidah,1756774.0,1374331.0,1226322.0,1183119.0,1082404.0,1452475.6666666667,273723.89879645745,1401460.0,230199.43684205628,1329380.5833333333,215823.5301846298,4,0.8660254037844387,-0.4999999999999998,2025,64
Buraidah,2025-05-01,1259314.0,4,buraidah,1217770.0,1756774.0,1374331.0,1264553.0,1161227.0,1449625.0,277278.2318015605,1407235.1666666667,223976.78992736392,1340661.0833333333,205007.8161323509,5,0.49999999999999994,-0.8660254037844387,2025,65
Buraidah,2025-06-01,1579193.0,5,buraidah,1259314.0,1217770.0,1756774.0,1603661.0,1471304.0,1411286.0,299921.5640663404,1406362.0,224653.4702487363,1348835.0,199072.68069042635,6,1.2246467991473532e-16,-1.0,2025,66
Dammam,2020-05-01,1367495.0,4,dammam,,,,,,,,,,,,5,0.49999999999999994,-0.8660254037844387,2020,5
Dammam,2020-06-01,2060122.0,4,dammam,1367495.0,,,,,1367495.0,,1367495.0,,1367495.0,,6,1.2246467991473532e-16,-1.0,2020,6
Dammam,2020-07-01,1523975.0,4,dammam,2060122.0,1367495.0,,,,1713808.5,489761.2485328948,1713808.5,489761.2485328948,1713808.5,489761.2485328948,7,-0.4999999999999997,-0.8660254037844388,2020,7
Dammam,2020-08-01,1991133.0,5,dammam,1523975.0,2060122.0,1367495.0,,,1650530.6666666667,363242.7464607289,1650530.6666666667,363242.7464607289,1650530.6666666667,363242.7464607289,8,-0.8660254037844384,-0.5000000000000004,2020,8
Dammam,2020-09-01,1746348.0,4,dammam,1991133.0,1523975.0,2060122.0,,,1858410.0,291676.1002362038,1735681.25,342002.94726641855,1735681.25,342002.94726641855,9,-1.0,-1.8369701987210297e-16,2020,9
Dammam,2020-10-01,1717382.0,4,dammam,1746348.0,1991133.0,1523975.0,,,1753818.6666666667,233668.58450877244,1737814.6,296221.653268798,1737814.6,296221.653268798,10,-0.8660254037844386,0.5000000000000001,2020,10
Dammam,2020-11-01,2306929.0,5,dammam,1717382.0,1746348.0,1991133.0,1367495.0,,1818287.6666666667,150387.46367411525,1734409.1666666667,265079.98066501867,1734409.1666666667,265079.98066501867,11,-0.5000000000000004,0.8660254037844384,2020,11
Dammam,2020-12-01,1932420.0,4,dammam,2306929.0,1717382.0,1746348.0,2060122.0,,1923553.0,332329.0918968726,1890981.5,281922.1740883466,1816197.7142857143,324625.52134611673,12,-2.4492935982947064e-16,1.0,2020,12
Dammam,2021-01-01,2363258.0,5,dammam,1932420.0,2306929.0,1717382.0,1523975.0,,1985577.0,298346.55400892434,1869697.8333333333,271216.2365917031,1830725.5,303340.81301636377,1,0.49999999999999994,0.8660254037844387,2021,13
Dammam,2021-02-01,1808245.0,4,dammam,2363258.0,1932420.0,2306929.0,1991133.0,,2200869.0,234183.4500151537,2009578.3333333333,273667.4149055139,1889895.7777777778,334699.5498756227,2,0.8660254037844386,0.5000000000000001,2021,14
Dammam,2021-03-01,2028898.0,4,dammam,1808245.0,2363258.0,1932420.0,1746348.0,,2034641.0,291284.5810766509,1979097.0,286038.2773700052,1881730.7,316612.35921270243,3,1.0,6.123233995736766e-17,2021,15
Dammam,2021-04-01,1994744.0,4,dammam,2028898.0,1808245.0,2363258.0,1717382.0,,2066800.3333333333,279441.04511745105,2026188.6666666667,262332.52668601106,1895109.5454545454,303624.7288484137,4,0.8660254037844387,-0.4999999999999998,2021,16
Dammam,2021-05-01,2358241.0,5,dammam,1994744.0,2028898.0,1808245.0,2306929.0,1367495.0,1943962.3333333333,118768.76632487732,2072415.6666666667,217668.26562332574,1903412.4166666667,290920.0971480464,5,0.49999999999999994,-0.8660254037844387,2021,17
Dammam,2021-06-01,1895896.0,4,dammam,2358241.0,1994744.0,2028898.0,1932420.0,2060122.0,2127294.3333333335,200733.3954834952,2080967.6666666667,229415.85243279656,1985974.5833333333,264376.274297366,6,1.2246467991473532e-16,-1.0,2021,18
Dammam,2021-07-01,1726947.0,4,dammam,1895896.0,2358241.0,1994744.0,2363258.0,1523975.0,2082960.3333333333,243469.33247604978,2074880.3333333333,234572.35365888005,1972289.0833333333,264439.67440246814,7,-0.4999999999999997,-0.8660254037844388,2021,19
Dammam,2021-08-01,2408878.0,5,dammam,1726947.0,1895896.0,2358241.0,1808245.0,1991133.0,1993694.6666666667,326812.5808629975,1968828.5,221600.95811954443,1989203.4166666667,238362.94706200322,8,-0.8660254037844384,-0.5000000000000004,2021,20
Dammam,2021-09-01,1976968.0,4,dammam,2408878.0,1726947.0,1895896.0,2028898.0,1746348.0,2010573.6666666667,355134.7597945508,2068934.0,265806.22957109194,2024015.5,267406.1090457734,9,-1.0,-1.8369701987210297e-16,2021,21
Dammam,2021-10-01,2474068.0,5,dammam,1976968.0,2408878.0,1726947.0,1994744.0,1717382.0,2037597.6666666667,344984.6946609853,2060279.0,268205.20804190217,2043233.8333333333,253565.19573540328,10,-0.8660254037844386,0.5000000000000001,2021,22
Dammam,2021-11-01,2064281.0,4,dammam,2474068.0,1976968.0,2408878.0,2358241.0,2306929.0,2286638.0,270155.6323677149,2140166.3333333335,312507.52062545094,2106291.0,259189.7479797731,11,-0.5000000000000004,0.8660254037844384,2021,23
Dammam,2021-12-01,2132097.0,4,dammam,2064281.0,2474068.0,1976968.0,1895896.0,1932420.0,2171772.3333333335,265410.79962264776,2091173.0,293974.38512360223,2086070.3333333333,251463.95164871638,12,-2.4492935982947064e-16,1.0,2021,24
Dammam,2022-01-01,2696212.0,5,dammam,2132097.0,2064281.0,2474068.0,1726947.0,2363258.0,2223482.0,219646.89847798878,2130539.8333333335,277974.0553328074,2102710.0833333335,246938.11564050507,1,0.49999999999999994,0.8660254037844387,2022,25
Dammam,2022-02-01,2160374.0,4,dammam,2696212.0,2132097.0,2064281.0,2408878.0,1808245.0,2297530.0,346929.7555802902,2292084.0,278160.5994780716,2130456.25,293239.5659692618,2,0.8660254037844386,0.5000000000000001,2022,26
Dammam,2022-03-01,2513884.0,4,dammam,2160374.0,2696212.0,2132097.0,1976968.0,2028898.0,2329561.0,317843.6943420459,2250666.6666666665,275782.852320928,2159800.3333333335,275124.0964574265,3,1.0,6.123233995736766e-17,2022,27
Dammam,2022-04-01,2423149.0,4,dammam,2513884.0,2160374.0,2696212.0,2474068.0,1994744.0,2456823.3333333335,272438.12200448976,2340152.6666666665,255580.45599275955,2200215.8333333335,289398.25082899,4,0.8660254037844387,-0.4999999999999998,2022,28
Dammam,2022-05-01,2631515.0,5,dammam,2423149.0,2513884.0,2160374.0,2064281.0,2358241.0,2365802.3333333335,183599.5919340053,2331666.1666666665,251049.71546641292,2235916.25,288168.3707513328,5,0.49999999999999994,-0.8660254037844387,2022,29
Dammam,2022-06-01,2400009.0,4,dammam,2631515.0,2423149.0,2513884.0,2132097.0,1895896.0,2522849.3333333335,104471.91196840048,2426205.1666666665,236608.77352745616,2258689.0833333335,308775.13327205385,6,1.2246467991473532e-16,-1.0,2022,30
Dammam,2022-07-01,2575791.0,5,dammam,2400009.0,2631515.0,2423149.0,2696212.0,1726947.0,2484891.0,127506.12899778539,2470857.1666666665,190862.45171580266,2300698.5,288560.36341355706,7,-0.4999999999999997,-0.8660254037844388,2022,31
Dammam,2022-08-01,2365122.0,4,dammam,2575791.0,2400009.0,2631515.0,2160374.0,2408878.0,2535771.6666666665,120830.11747628661,2450787.0,167303.20756399262,2371435.5,234012.10894135892,8,-0.8660254037844384,-0.5000000000000004,2022,32
Dammam,2022-09-01,2409745.0,4,dammam,2365122.0,2575791.0,2400009.0,2513884.0,1976968.0,2446974.0,112914.30515660928,2484911.6666666665,105795.69056567053,2367789.1666666665,233716.36052696506,9,-1.0,-1.8369701987210297e-16,2022,33
Dammam,2022-10-01,2923505.0,5,dammam,2409745.0,2365122.0,2575791.0,2423149.0,2474068.0,2450219.3333333335,111013.44798867036,2467555.1666666665,108597.22265033808,2403853.9166666665,198692.9614626832,10,-0.8660254037844386,0.5000000000000001,2022,34
Dammam,2022-11-01,2358341.0,4,dammam,2923505.0,2409745.0,2365122.0,2631515.0,2064281.0,2566124.0,310304.18528115266,2550947.8333333335,211262.44606784033,2441307.0,249096.96027122537,11,-0.5000000000000004,0.8660254037844384,2022,35
Dammam,2022-12-01,2419264.0,4,dammam,2358341.0,2923505.0,2409745.0,2400009.0,2132097.0,2563863.6666666665,312517.21438239724,2505418.8333333335,219694.37427883103,2465812.0,221579.26223117075,12,-2.4492935982947064e-16,1.0,2022,36
Dammam,2023-01-01,2811626.0,5,dammam,2419264.0,2358341.0,2923505.0,2575791.0,2696212.0,2567036.6666666665,310209.8603918535,2508628.0,217980.60477391203,2489742.5833333335,196329.9646501745,1,0.49999999999999994,0.8660254037844387,2023,37
Dammam,2023-02-01,2387720.0,4,dammam,2811626.0,2419264.0,2358341.0,2365122.0,2160374.0,2529743.6666666665,246010.44767719362,2547933.8333333335,251238.90961347354,2499360.4166666665,209733.4426241875,2,0.8660254037844386,0.5000000000000001,2023,38
Dammam,2023-03-01,2556336.0,4,dammam,2387720.0,2811626.0,2419264.0,2409745.0,2513884.0,2539536.6666666665,236163.52379089626,2551700.1666666665,248100.03744571895,2518305.9166666665,185156.91006940024,3,1.0,6.123233995736766e-17,2023,39
Dammam,2023-04-01,2965666.0,5,dammam,2556336.0,2387720.0,2811626.0,2923505.0,2423149.0,2585227.3333333335,213424.7081884692,2576132.0,238351.36988488337,2521843.5833333335,185470.02886448643,4,0.8660254037844387,-0.4999999999999998,2023,40
Dammam,2023-05-01,2379527.0,4,dammam,2965666.0,2556336.0,2387720.0,2358341.0,2631515.0,2636574.0,297210.3585206948,2583158.8333333335,250930.01228901892,2567053.3333333335,221790.4634585371,5,0.49999999999999994,-0.8660254037844387,2023,41
Dammam,2023-06-01,2419684.0,4,dammam,2379527.0,2965666.0,2556336.0,2419264.0,2400009.0,2633843.0,300658.0002544418,2586689.8333333335,247255.90505904442,2546054.3333333335,227000.28628429654,6,1.2246467991473532e-16,-1.0,2023,42
Dammam,2023-07-01,2644980.0,5,dammam,2419684.0,2379527.0,2965666.0,2811626.0,2575791.0,2588292.3333333335,327431.38118136034,2586759.8333333335,247199.0785714364,2547693.9166666665,225918.00456660628,7,-0.4999999999999997,-0.8660254037844388,2023,43
Dammam,2023-08-01,2443472.0,4,dammam,2644980.0,2419684.0,2379527.0,2387720.0,2365122.0,2481397.0,143082.82419284293,2558985.5,225270.1647247156,2553459.6666666665,227577.08026925707,8,-0.8660254037844384,-0.5000000000000004,2023,44
Dammam,2023-09-01,2393902.0,4,dammam,2443472.0,2644980.0,2419684.0,2556336.0,2409745.0,2502712.0,123780.47141613252,2568277.5,217819.50563872952,2559988.8333333335,222755.31868513548,9,-1.0,-1.8369701987210297e-16,2023,45
Dammam,2023-10-01,2953505.0,5,dammam,2393902.0,2443472.0,2644980.0,2965666.0,2923505.0,2494118.0,132980.46288083072,2541205.1666666665,229387.63409078342,2558668.5833333335,223771.38537902493,10,-0.8660254037844386,0.5000000000000001,2023,46
Dammam,2023-11-01,2435258.0,4,dammam,2953505.0,2393902.0,2443472.0,2379527.0,2358341.0,2596959.6666666665,309770.44285459735,2539178.3333333335,224896.8379419043,2561168.5833333335,228338.89229088835,11,-0.5000000000000004,0.8660254037844384,2023,47
Dammam,2023-12-01,3118755.0,5,dammam,2435258.0,2953505.0,2393902.0,2419684.0,2419264.0,2594221.6666666665,311834.83591852494,2548466.8333333335,218030.3504711378,2567578.3333333335,223148.2537671637,12,-2.4492935982947064e-16,1.0,2023,48
Dammam,2024-01-01,2361735.0,4,dammam,3118755.0,2435258.0,2953505.0,2644980.0,2811626.0,2835839.3333333335,356617.363691581,2664978.6666666665,304919.5630560089,2625869.25,267780.6394604403,1,0.49999999999999994,0.8660254037844387,2024,49
Dammam,2024-02-01,2538413.0,4,dammam,2361735.0,3118755.0,2435258.0,2443472.0,2387720.0,2638582.6666666665,417463.1841927302,2617771.1666666665,329564.92108197336,2588378.3333333335,270885.02851858834,2,0.8660254037844386,0.5000000000000001,2024,50
Dammam,2024-03-01,3309058.0,5,dammam,2538413.0,2361735.0,3118755.0,2393902.0,2556336.0,2672967.6666666665,396041.0822646223,2633594.6666666665,321708.06836053607,2600936.0833333335,264146.3244988778,3,1.0,6.123233995736766e-17,2024,51
Dammam,2024-04-01,2255657.0,4,dammam,3309058.0,2538413.0,2361735.0,2953505.0,2965666.0,2736402.0,503740.9549292175,2786120.6666666665,394130.2988630379,2663662.9166666665,332994.3627968026,4,0.8660254037844387,-0.4999999999999998,2024,52
Dammam,2024-05-01,2576374.0,4,dammam,2255657.0,3309058.0,2538413.0,2435258.0,2379527.0,2701042.6666666665,545206.1289643884,2669812.6666666665,435638.0019771776,2604495.5,337503.03292253596,5,0.49999999999999994,-0.8660254037844387,2024,53
Dammam,2024-06-01,2954675.0,5,dammam,2576374.0,2255657.0,3309058.0,3118755.0,2419684.0,2713696.3333333335,539959.7060191929,2693332.0,424098.6400270588,2620899.4166666665,330281.17505281244,6,1.2246467991473532e-16,-1.0,2024,54
Dammam,2024-07-01,2272357.0,4,dammam,2954675.0,2576374.0,2255657.0,2361735.0,2644980.0,2595568.6666666665,349904.0832890257,2665985.3333333335,395506.4287764073,2665482.0,336696.43946358585,7,-0.4999999999999997,-0.8660254037844388,2024,55
Dammam,2024-08-01,2576444.0,4,dammam,2272357.0,2954675.0,2576374.0,2538413.0,2443472.0,2601135.3333333335,341832.2775899513,2651089.0,410650.76914721675,2634430.0833333335,355421.09354435705,8,-0.8660254037844384,-0.5000000000000004,2024,56
Dammam,2024-09-01,3253207.0,5,dammam,2576444.0,2272357.0,2954675.0,3309058.0,2393902.0,2601158.6666666665,341829.7446717203,2657427.5,408853.3249373187,2645511.0833333335,350971.3306909753,9,-1.0,-1.8369701987210297e-16,2024,57
Dammam,2024-10-01,2539222.0,4,dammam,3253207.0,2576444.0,2272357.0,2255657.0,2953505.0,2700669.3333333335,502086.278149815,2648119.0,391309.6527350184,2717119.8333333335,381318.65272018255,10,-0.8660254037844386,0.5000000000000001,2024,58
Dammam,2024-11-01,2624169.0,4,dammam,2539222.0,3253207.0,2576444.0,2576374.0,2435258.0,2789624.3333333335,401905.50624037656,2695379.8333333335,349298.3935201641,2682596.25,376697.3975398518,11,-0.5000000000000004,0.8660254037844384,2024,59
Dammam,2024-12-01,3429229.0,5,dammam,2624169.0,2539222.0,3253207.0,2954675.0,3118755.0,2805532.6666666665,390016.9608444398,2703345.6666666665,346576.02513484325,2698338.8333333335,369295.8667168552,12,-2.4492935982947064e-16,1.0,2024,60
Dammam,2025-01-01,2570667.0,4,dammam,3429229.0,2624169.0,2539222.0,2272357.0,2361735.0,2864206.6666666665,491163.5940054325,2782438.0,453162.510068078,2724211.6666666665,410054.50296212704,1,0.49999999999999994,0.8660254037844387,2025,61
Dammam,2025-02-01,2848015.0,4,dammam,2570667.0,3429229.0,2624169.0,2576444.0,2538413.0,2874688.3333333335,480990.77874875464,2832156.3333333335,399152.6416095322,2741622.6666666665,397508.21205087175,2,0.8660254037844386,0.5000000000000001,2025,62
Dammam,2025-03-01,3429115.0,5,dammam,2848015.0,2570667.0,3429229.0,3253207.0,3309058.0,2949303.6666666665,438151.4834590126,2877418.1666666665,379258.50157085166,2767422.8333333335,393143.2704257606,3,1.0,6.123233995736766e-17,2025,63
Dammam,2025-04-01,2602379.0,4,dammam,3429115.0,2848015.0,2570667.0,2539222.0,2255657.0,2949265.6666666665,438089.0495108653,2906736.1666666665,418850.7927596267,2777427.5833333335,409372.54329910356,4,0.8660254037844387,-0.4999999999999998,2025,64
Dammam,2025-05-01,2717071.0,4,dammam,2602379.0,3429115.0,2848015.0,2624169.0,2576374.0,2959836.3333333335,424559.9031530574,2917262.3333333335,408431.5742127043,2806321.0833333335,380409.3637203028,5,0.49999999999999994,-0.8660254037844387,2025,65
Dammam,2025-06-01,3140130.0,5,dammam,2717071.0,2602379.0,3429115.0,3429229.0,2954675.0,2916188.3333333335,447893.835355359,2932746.0,396690.3473405941,2818045.8333333335,374804.7252973805,6,1.2246467991473532e-16,-1.0,2025,66
Hail,2020-05-01,440825.0,4,hail,,,,,,,,,,,,5,0.49999999999999994,-0.8660254037844387,2020,5
Hail,2020-06-01,612458.0,4,hail,440825.0,,,,,440825.0,,440825.0,,440825.0,,6,1.2246467991473532e-16,-1.0,2020,6
Hail,2020-07-01,510662.0,4,hail,612458.0,440825.0,,,,526641.5,121362.8581753907,526641.5,121362.8581753907,526641.5,121362.8581753907,7,-0.4999999999999997,-0.8660254037844388,2020,7
Hail,2020-08-01,582298.0,5,hail,510662.0,612458.0,440825.0,,,521315.0,86310.98701208323,521315.0,86310.98701208323,521315.0,86310.98701208323,8,-0.8660254037844384,-0.5000000000000004,2020,8
Hail,2020-09-01,498853.0,4,hail,582298.0,510662.0,612458.0,,,568472.6666666666,52287.29563989071,536560.75,76786.21333449124,536560.75,76786.21333449124,9,-1.0,-1.8369701987210297e-16,2020,9
Hail,2020-10-01,503766.0,4,hail,498853.0,582298.0,510662.0,,,530604.3333333334,45155.725000638995,529019.2,68603.69378320675,529019.2,68603.69378320675,10,-0.8660254037844386,0.5000000000000001,2020,10
Hail,2020-11-01,680562.0,5,hail,503766.0,498853.0,582298.0,440825.0,,528305.6666666666,46823.214715921975,524810.3333333334,62221.06389532941,524810.3333333334,62221.06389532941,11,-0.5000000000000004,0.8660254037844384,2020,11
Hail,2020-12-01,554876.0,4,hail,680562.0,503766.0,498853.0,612458.0,,561060.3333333334,103520.62907620557,564766.5,73462.06897100032,547060.5714285715,81802.98890598303,12,-2.4492935982947064e-16,1.0,2020,12
Hail,2021-01-01,682366.0,5,hail,554876.0,680562.0,503766.0,510662.0,,579734.6666666666,90981.70907019358,555169.5,69647.83736987103,548037.5,75785.2414693747,1,0.49999999999999994,0.8660254037844387,2021,13
Hail,2021-02-01,552172.0,4,hail,682366.0,554876.0,680562.0,582298.0,,639268.0,73091.18176633904,583786.8333333334,81900.46117676431,562962.8888888889,83847.37666057963,2,0.8660254037844386,0.5000000000000001,2021,14
Hail,2021-03-01,639088.0,4,hail,552172.0,682366.0,554876.0,498853.0,,596471.3333333334,74399.24882237286,578765.8333333334,82927.01142671594,561883.8,79125.6802937931,3,1.0,6.123233995736766e-17,2021,15
Hail,2021-04-01,612107.0,4,hail,639088.0,552172.0,682366.0,503766.0,,624542.0,66304.66798046736,602138.3333333334,75312.02618882777,568902.3636363636,78591.65696468389,4,0.8660254037844387,-0.4999999999999998,2021,16
Hail,2021-05-01,766741.0,5,hail,612107.0,639088.0,552172.0,680562.0,440825.0,601122.3333333334,44487.019908433365,620195.1666666666,58009.42925565363,572502.75,75965.04738379836,5,0.49999999999999994,-0.8660254037844387,2021,17
Hail,2021-06-01,611197.0,4,hail,766741.0,612107.0,639088.0,554876.0,612458.0,672645.3333333334,82598.3622981312,634558.3333333334,81754.74637393652,599662.4166666666,82580.68817879475,6,1.2246467991473532e-16,-1.0,2021,18
Hail,2021-07-01,608905.0,4,hail,611197.0,766741.0,612107.0,682366.0,510662.0,663348.3333333334,89541.83192973741,643945.1666666666,73602.98170975607,599557.3333333334,82563.72624754037,7,-0.4999999999999997,-0.8660254037844388,2021,19
Hail,2021-08-01,741108.0,5,hail,608905.0,611197.0,766741.0,552172.0,582298.0,662281.0,90472.27208377165,631701.6666666666,72026.70015394768,607744.25,77673.64660157499,8,-0.8660254037844384,-0.5000000000000004,2021,20
Hail,2021-09-01,616192.0,4,hail,741108.0,608905.0,611197.0,639088.0,498853.0,653736.6666666666,75674.472131184,663191.0,71602.42577734376,620978.4166666666,86024.20869991754,9,-1.0,-1.8369701987210297e-16,2021,21
Hail,2021-10-01,777393.0,5,hail,616192.0,741108.0,608905.0,612107.0,503766.0,655401.6666666666,74313.23416682484,659375.0,73722.61137805702,630756.6666666666,77084.80077672821,10,-0.8660254037844386,0.5000000000000001,2021,22
Hail,2021-11-01,651583.0,4,hail,777393.0,616192.0,741108.0,766741.0,680562.0,711564.3333333334,84563.95083209715,686922.6666666666,82844.26112813542,653558.9166666666,76573.79399276865,11,-0.5000000000000004,0.8660254037844384,2021,23
Hail,2021-12-01,645617.0,4,hail,651583.0,777393.0,616192.0,611197.0,554876.0,681722.6666666666,84721.54525463605,667729.6666666666,73462.31172422148,651144.0,76100.2694165581,12,-2.4492935982947064e-16,1.0,2021,24
Hail,2022-01-01,810918.0,5,hail,645617.0,651583.0,777393.0,608905.0,682366.0,691531.0,74418.4827311066,673466.3333333334,69396.14943112254,658705.75,69922.4376826014,1,0.49999999999999994,0.8660254037844387,2022,25
Hail,2022-02-01,640099.0,4,hail,810918.0,645617.0,651583.0,741108.0,552172.0,702706.0,93761.80457414422,707135.1666666666,80002.97576819689,669418.4166666666,82579.02391644279,2,0.8660254037844386,0.5000000000000001,2022,26
Hail,2022-03-01,754246.0,4,hail,640099.0,810918.0,645617.0,616192.0,639088.0,698878.0,97068.70392150094,690300.3333333334,82026.34359196255,676745.6666666666,74760.763872421,3,1.0,6.123233995736766e-17,2022,27
Hail,2022-04-01,747725.0,4,hail,754246.0,640099.0,810918.0,777393.0,612107.0,735087.6666666666,87006.11468358614,713309.3333333334,76239.26015555699,686342.1666666666,76849.30828556436,4,0.8660254037844387,-0.4999999999999998,2022,28
Hail,2022-05-01,821888.0,5,hail,747725.0,754246.0,640099.0,651583.0,766741.0,714023.3333333334,64103.32405057745,708364.6666666666,72101.5219719161,697643.6666666666,74886.75295809051,5,0.49999999999999994,-0.8660254037844387,2022,29
Hail,2022-06-01,715011.0,4,hail,821888.0,747725.0,754246.0,645617.0,611197.0,774619.6666666666,41065.22083629091,736748.8333333334,78514.42082934009,702239.25,80958.49874655208,6,1.2246467991473532e-16,-1.0,2022,30
Hail,2022-07-01,923527.0,5,hail,715011.0,821888.0,747725.0,810918.0,608905.0,761541.3333333334,54761.679871360255,748314.5,66614.57178350733,710890.4166666666,75722.80658542884,7,-0.4999999999999997,-0.8660254037844388,2022,31
Hail,2022-08-01,738981.0,4,hail,923527.0,715011.0,821888.0,640099.0,741108.0,820142.0,104268.96446690169,767082.6666666666,96803.16454882418,737108.9166666666,90271.18349270869,8,-0.8660254037844384,-0.5000000000000004,2022,32
Hail,2022-09-01,716811.0,4,hail,738981.0,923527.0,715011.0,754246.0,616192.0,792506.3333333334,114098.42919748432,783563.0,77316.88959341338,736931.6666666666,90264.7053135021,9,-1.0,-1.8369701987210297e-16,2022,33
Hail,2022-10-01,907817.0,5,hail,716811.0,738981.0,923527.0,747725.0,777393.0,793106.3333333334,113490.26365875332,777323.8333333334,81550.33647120492,745316.5833333334,82356.19945142792,10,-0.8660254037844386,0.5000000000000001,2022,34
Hail,2022-11-01,770974.0,4,hail,907817.0,716811.0,738981.0,821888.0,651583.0,787869.6666666666,104467.21641420982,804005.8333333334,95008.51305102483,756185.25,94661.08608093814,11,-0.5000000000000004,0.8660254037844384,2022,35
Hail,2022-12-01,739539.0,4,hail,770974.0,907817.0,716811.0,715011.0,645617.0,798534.0,98440.27737161257,795520.1666666666,95364.96071077023,766134.5,88757.66748594465,12,-2.4492935982947064e-16,1.0,2022,36
Hail,2023-01-01,866554.0,5,hail,739539.0,770974.0,907817.0,923527.0,810918.0,806110.0,89472.20346565751,799608.1666666666,91677.99441178211,773961.3333333334,80962.89828549832,1,0.49999999999999994,0.8660254037844387,2023,37
Hail,2023-02-01,753147.0,4,hail,866554.0,739539.0,770974.0,738981.0,640099.0,792355.6666666666,66151.97886936832,790112.6666666666,78242.12870485277,778597.6666666666,84774.8673920131,2,0.8660254037844386,0.5000000000000001,2023,38
Hail,2023-03-01,777074.0,4,hail,753147.0,866554.0,739539.0,716811.0,754246.0,786413.3333333334,69736.57043713403,792473.6666666666,76586.8406076837,788018.3333333334,73518.96959577386,3,1.0,6.123233995736766e-17,2023,39
Hail,2023-04-01,983187.0,5,hail,777074.0,753147.0,866554.0,907817.0,747725.0,798925.0,59777.80995486553,802517.5,68168.555580268,789920.6666666666,72858.02461741325,4,0.8660254037844387,-0.4999999999999998,2023,40
Hail,2023-05-01,738932.0,4,hail,983187.0,777074.0,753147.0,770974.0,821888.0,837802.6666666666,126473.6281456864,815079.1666666666,93639.16975585996,809542.5,90122.34838212548,5,0.49999999999999994,-0.8660254037844387,2023,41
Hail,2023-06-01,808633.0,4,hail,738932.0,983187.0,777074.0,739539.0,715011.0,833064.3333333334,131401.3482668019,809738.8333333334,97492.03133265178,802629.5,92245.9020863657,6,1.2246467991473532e-16,-1.0,2023,42
Hail,2023-07-01,968282.0,5,hail,808633.0,738932.0,983187.0,866554.0,923527.0,843584.0,125822.51609708028,821254.5,91434.15517354602,810431.3333333334,88024.26741770901,7,-0.4999999999999997,-0.8660254037844388,2023,43
Hail,2023-08-01,777908.0,4,hail,968282.0,808633.0,738932.0,753147.0,738981.0,838615.6666666666,117577.9564813633,838209.1666666666,109216.57418801764,814160.9166666666,93997.2310254248,8,-0.8660254037844384,-0.5000000000000004,2023,44
Hail,2023-09-01,745566.0,4,hail,777908.0,968282.0,808633.0,777074.0,716811.0,851607.6666666666,102204.11660169745,842336.0,105773.12926258774,817404.8333333334,91813.17591999129,9,-1.0,-1.8369701987210297e-16,2023,45
Hail,2023-10-01,962390.0,5,hail,745566.0,777908.0,968282.0,983187.0,907817.0,830585.3333333334,120340.26861085765,837084.6666666666,110344.56906919688,819801.0833333334,89289.64436490228,10,-0.8660254037844386,0.5000000000000001,2023,46
Hail,2023-11-01,828716.0,4,hail,962390.0,745566.0,777908.0,738932.0,770974.0,828621.3333333334,116970.26706532465,833618.5,105036.24946036533,824348.8333333334,95363.25750788547,11,-0.5000000000000004,0.8660254037844384,2023,47
Hail,2023-12-01,974696.0,5,hail,828716.0,962390.0,745566.0,808633.0,739539.0,845557.3333333334,109388.6860024078,848582.5,94739.68751426246,829160.6666666666,93870.32357976522,12,-2.4492935982947064e-16,1.0,2023,48
Hail,2024-01-01,757998.0,4,hail,974696.0,828716.0,962390.0,968282.0,866554.0,921934.0,80963.30064912146,876259.6666666666,104489.75160783359,848757.0833333334,97918.45851473391,1,0.49999999999999994,0.8660254037844387,2024,49
Hail,2024-02-01,824916.0,4,hail,757998.0,974696.0,828716.0,777908.0,753147.0,853803.3333333334,110505.82121016688,841212.3333333334,102701.85926587097,839710.75,101088.04303911228,2,0.8660254037844386,0.5000000000000001,2024,50
Hail,2024-03-01,1073591.0,5,hail,824916.0,757998.0,974696.0,745566.0,777074.0,852536.6666666666,110958.017832572,849047.0,98618.65881667676,845691.5,97562.6075292642,3,1.0,6.123233995736766e-17,2024,51
Hail,2024-04-01,760709.0,4,hail,1073591.0,824916.0,757998.0,962390.0,983187.0,885501.6666666666,166291.01799656337,903717.8333333334,118664.64494939835,870401.25,114656.02554052787,4,0.8660254037844387,-0.4999999999999998,2024,52
Hail,2024-05-01,799767.0,4,hail,760709.0,1073591.0,824916.0,828716.0,738932.0,886405.3333333334,165255.83217040595,870104.3333333334,126993.21933184766,851861.4166666666,112731.82392777778,5,0.49999999999999994,-0.8660254037844387,2024,53
Hail,2024-06-01,1037570.0,5,hail,799767.0,760709.0,1073591.0,974696.0,808633.0,878022.3333333334,170489.61662615518,865279.5,129407.15668424254,856931.0,108479.35387311004,6,1.2246467991473532e-16,-1.0,2024,54
Hail,2024-07-01,788112.0,4,hail,1037570.0,799767.0,760709.0,757998.0,968282.0,866015.3333333334,149848.70564116788,875758.5,141974.82190691456,876009.0833333334,118848.85157854098,7,-0.4999999999999997,-0.8660254037844388,2024,55
Hail,2024-08-01,801384.0,4,hail,788112.0,1037570.0,799767.0,824916.0,777908.0,875149.6666666666,140780.79864219186,880777.5,137439.06410733488,860994.9166666666,117505.14435041035,8,-0.8660254037844384,-0.5000000000000004,2024,56
Hail,2024-09-01,1029389.0,5,hail,801384.0,788112.0,1037570.0,1073591.0,745566.0,875688.6666666666,140350.31548711733,876855.5,139669.6172182773,862951.25,116184.08090778415,9,-1.0,-1.8369701987210297e-16,2024,57
Hail,2024-10-01,818111.0,4,hail,1029389.0,801384.0,788112.0,760709.0,962390.0,872961.6666666666,135632.4793562861,869488.5,127885.87521497477,886603.1666666666,118971.12597894149,10,-0.8660254037844386,0.5000000000000001,2024,58
Hail,2024-11-01,868181.0,4,hail,818111.0,1029389.0,801384.0,799767.0,828716.0,882961.3333333334,127085.57867174927,879055.5,120026.23742290726,874579.9166666666,117901.44084435282,11,-0.5000000000000004,0.8660254037844384,2024,59
Hail,2024-12-01,1065181.0,5,hail,868181.0,818111.0,1029389.0,1037570.0,974696.0,905227.0,110403.36456829583,890457.8333333334,114090.31302861244,877868.6666666666,117053.1751923298,12,-2.4492935982947064e-16,1.0,2024,60
Hail,2025-01-01,815225.0,4,hail,1065181.0,868181.0,818111.0,788112.0,757998.0,917157.6666666666,130613.67322502409,895059.6666666666,121525.41446408143,885409.0833333334,126399.07478980966,1,0.49999999999999994,0.8660254037844387,2025,61
Hail,2025-02-01,906508.0,4,hail,815225.0,1065181.0,868181.0,801384.0,824916.0,916195.6666666666,131713.91970985214,899578.5,117179.67679721644,890178.0,122163.56315426322,2,0.8660254037844386,0.5000000000000001,2025,62
Hail,2025-03-01,1117085.0,5,hail,906508.0,815225.0,1065181.0,1029389.0,1073591.0,928971.3333333334,126483.00870999778,917099.1666666666,106976.07101481514,896977.3333333334,120459.750667134,3,1.0,6.123233995736766e-17,2025,63
Hail,2025-04-01,800983.0,4,hail,1117085.0,906508.0,815225.0,818111.0,760709.0,946272.6666666666,154808.87066422708,931715.1666666666,129091.41023076155,900601.8333333334,126747.2146036673,4,0.8660254037844387,-0.4999999999999998,2025,64
Hail,2025-05-01,833276.0,4,hail,800983.0,1117085.0,906508.0,868181.0,799767.0,941525.3333333334,160934.0822396965,928860.5,132256.61341762877,903958.0,123189.49238986635,5,0.49999999999999994,-0.8660254037844387,2025,65
Hail,2025-06-01,1064800.0,5,hail,833276.0,800983.0,1117085.0,1065181.0,1037570.0,917114.6666666666,173930.4749672506,923043.0,136169.3020074646,906750.4166666666,120972.86357651344,6,1.2246467991473532e-16,-1.0,2025,66
Jeddah,2020-05-01,3514948.0,4,jeddah,,,,,,,,,,,,5,0.49999999999999994,-0.8660254037844387,2020,5
Jeddah,2020-06-01,5142642.0,4,jeddah,3514948.0,,,,,3514948.0,,3514948.0,,3514948.0,,6,1.2246467991473532e-16,-1.0,2020,6
Jeddah,2020-07-01,4467110.0,4,jeddah,5142642.0,3514948.0,,,,4328795.0,1150953.4650966562,4328795.0,1150953.4650966562,4328795.0,1150953.4650966562,7,-0.4999999999999997,-0.8660254037844388,2020,7
Jeddah,2020-08-01,6026215.0,5,jeddah,4467110.0,5142642.0,3514948.0,,,4374900.0,817755.435618743,4374900.0,817755.435618743,4374900.0,817755.435618743,8,-0.8660254037844384,-0.5000000000000004,2020,8
Jeddah,2020-09-01,5043498.0,4,jeddah,6026215.0,4467110.0,5142642.0,,,5211989.0,781862.4271973938,4787728.75,1061850.4017181124,4787728.75,1061850.4017181124,9,-1.0,-1.8369701987210297e-16,2020,9
Jeddah,2020-10-01,4845307.0,4,jeddah,5043498.0,6026215.0,4467110.0,,,5178941.0,788327.7902896738,4838882.6,926675.9350338175,4838882.6,926675.9350338175,10,-0.8660254037844386,0.5000000000000001,2020,10
Jeddah,2020-11-01,6514066.0,5,jeddah,4845307.0,5043498.0,6026215.0,3514948.0,,5305006.666666667,632397.0376055959,4839953.333333333,828848.3031748733,4839953.333333333,828848.3031748733,11,-0.5000000000000004,0.8660254037844384,2020,11
Jeddah,2020-12-01,5541199.0,4,jeddah,6514066.0,4845307.0,5043498.0,5142642.0,,5467623.666666667,911647.4570053566,5339806.333333333,772378.5996591743,5079112.285714285,986341.8725730471,12,-2.4492935982947064e-16,1.0,2020,12
Jeddah,2021-01-01,7185313.0,5,jeddah,5541199.0,6514066.0,4845307.0,4467110.0,,5633524.0,838201.6936507585,5406232.5,769162.4177243066,5136873.125,927674.154048321,1,0.49999999999999994,0.8660254037844387,2021,13
Jeddah,2021-02-01,5171604.0,4,jeddah,7185313.0,5541199.0,6514066.0,6026215.0,,6413526.0,826655.266691624,5859266.333333333,895521.3626489701,5364477.555555556,1104192.4245143044,2,0.8660254037844386,0.5000000000000001,2021,14
Jeddah,2021-03-01,6115852.0,4,jeddah,5171604.0,7185313.0,5541199.0,5043498.0,,5966038.666666667,1071971.3340152027,5716831.166666667,930921.4276153321,5345190.2,1042827.7513263635,3,1.0,6.123233995736766e-17,2021,15
Jeddah,2021-04-01,5986169.0,4,jeddah,6115852.0,5171604.0,7185313.0,4845307.0,,6157589.666666667,1007503.1060916553,5895556.833333333,877183.7219778809,5415250.363636363,1016234.9329062913,4,0.8660254037844387,-0.4999999999999998,2021,16
Jeddah,2021-05-01,7415237.0,5,jeddah,5986169.0,6115852.0,5171604.0,6514066.0,3514948.0,5757875.0,511849.2787950377,6085700.5,712111.5894304081,5462826.916666667,982858.5460583336,5,0.49999999999999994,-0.8660254037844387,2021,17
Jeddah,2021-06-01,5836877.0,4,jeddah,7415237.0,5986169.0,6115852.0,5541199.0,5142642.0,6505752.666666667,790301.0404626413,6235895.666666667,892673.8882377311,5787851.0,923240.5940591688,6,1.2246467991473532e-16,-1.0,2021,18
Jeddah,2021-07-01,5424054.0,4,jeddah,5836877.0,7415237.0,5986169.0,7185313.0,4467110.0,6412761.0,871372.8382546704,6285175.333333333,853975.980704065,5845703.916666667,900608.4062302709,7,-0.4999999999999997,-0.8660254037844388,2021,19
Jeddah,2021-08-01,7445340.0,5,jeddah,5424054.0,5836877.0,7415237.0,5171604.0,6026215.0,6225389.333333333,1050908.5639275822,5991632.166666667,782387.5594213962,5925449.25,804702.4386234754,8,-0.8660254037844384,-0.5000000000000004,2021,20
Jeddah,2021-09-01,5854766.0,4,jeddah,7445340.0,5424054.0,5836877.0,6115852.0,5043498.0,6235423.666666667,1067955.4567407446,6370588.166666667,853208.7478031209,6043709.666666667,917263.420266683,9,-1.0,-1.8369701987210297e-16,2021,21
Jeddah,2021-10-01,7159038.0,5,jeddah,5854766.0,7445340.0,5424054.0,5986169.0,4845307.0,6241386.666666667,1064662.3541617936,6327073.833333333,875173.9080231823,6111315.333333333,865265.278334531,10,-0.8660254037844386,0.5000000000000001,2021,22
Jeddah,2021-11-01,6136829.0,4,jeddah,7159038.0,5854766.0,7445340.0,7415237.0,6514066.0,6819714.666666667,847842.3531396225,6522552.0,913928.3159843571,6304126.25,813765.4962609011,11,-0.5000000000000004,0.8660254037844384,2021,23
Jeddah,2021-12-01,6168650.0,4,jeddah,6136829.0,7159038.0,5854766.0,5836877.0,5541199.0,6383544.333333333,686245.3673958989,6309484.0,806948.9105947184,6272689.833333333,812203.0536345225,12,-2.4492935982947064e-16,1.0,2021,24
Jeddah,2022-01-01,7889271.0,5,jeddah,6168650.0,6136829.0,7159038.0,5424054.0,7185313.0,6488172.333333333,581204.5260012455,6364779.5,778969.0631514854,6324977.416666667,780404.8689846784,1,0.49999999999999994,0.8660254037844387,2022,25
Jeddah,2022-02-01,6231513.0,4,jeddah,7889271.0,6168650.0,6136829.0,7445340.0,5171604.0,6731583.333333333,1002713.1664510707,6775649.0,831888.3816686004,6383640.583333333,872034.7182576101,2,0.8660254037844386,0.5000000000000001,2022,26
Jeddah,2022-03-01,7319753.0,4,jeddah,6231513.0,7889271.0,6168650.0,5854766.0,6115852.0,6763144.666666667,975760.3846038907,6573344.5,782588.8683682531,6471966.333333333,787711.4673204024,3,1.0,6.123233995736766e-17,2022,27
Jeddah,2022-04-01,7607236.0,4,jeddah,7319753.0,6231513.0,7889271.0,7159038.0,5986169.0,7146845.666666667,842296.3291391769,6817509.0,740985.7561813202,6572291.416666667,814444.9453378957,4,0.8660254037844387,-0.4999999999999998,2022,28
Jeddah,2022-05-01,7629388.0,5,jeddah,7607236.0,7319753.0,6231513.0,6136829.0,7415237.0,7052834.0,725663.6669993885,6892208.666666667,802352.2779683932,6707380.333333333,842351.0862314681,5,0.49999999999999994,-0.8660254037844387,2022,29
Jeddah,2022-06-01,6813372.0,4,jeddah,7629388.0,7607236.0,7319753.0,6168650.0,5836877.0,7518792.333333333,172728.6019636953,7140968.5,751051.5415609656,6725226.25,860777.8846208744,6,1.2246467991473532e-16,-1.0,2022,30
Jeddah,2022-07-01,7901219.0,5,jeddah,6813372.0,7629388.0,7607236.0,7889271.0,5424054.0,7349998.666666667,464864.2945089812,7248422.166666667,618551.6225659499,6806600.833333333,814050.9054158311,7,-0.4999999999999997,-0.8660254037844388,2022,31
Jeddah,2022-08-01,7079633.0,4,jeddah,7901219.0,6813372.0,7629388.0,6231513.0,7445340.0,7447993.0,566154.4695319463,7250413.5,621041.582322716,7013031.25,742529.9886215966,8,-0.8660254037844384,-0.5000000000000004,2022,32
Jeddah,2022-09-01,6819884.0,4,jeddah,7079633.0,7901219.0,6813372.0,7319753.0,5854766.0,7264741.333333333,567055.1958622131,7391766.833333333,399896.58565255284,6982555.666666667,730582.4841521186,9,-1.0,-1.8369701987210297e-16,2022,33
Jeddah,2022-10-01,8084591.0,5,jeddah,6819884.0,7079633.0,7901219.0,7607236.0,7159038.0,7266912.0,564470.0288208397,7308455.333333333,464716.15912497544,7062982.166666667,643017.7364807918,10,-0.8660254037844386,0.5000000000000001,2022,34
Jeddah,2022-11-01,6410043.0,4,jeddah,8084591.0,6819884.0,7079633.0,7629388.0,6136829.0,7328036.0,667943.8500121096,7388014.5,557663.7451105308,7140111.583333333,707830.2586689543,11,-0.5000000000000004,0.8660254037844384,2022,35
Jeddah,2022-12-01,6473928.0,4,jeddah,6410043.0,8084591.0,6819884.0,6813372.0,6168650.0,7104839.333333333,872884.5327833074,7184790.333333333,664125.1357777909,7162879.416666667,676317.8468398466,12,-2.4492935982947064e-16,1.0,2022,36
Jeddah,2023-01-01,7752620.0,5,jeddah,6473928.0,6410043.0,8084591.0,7901219.0,7889271.0,6989520.666666667,948896.5167584572,7128216.333333333,714630.1076248251,7188319.25,640302.4732404551,1,0.49999999999999994,0.8660254037844387,2023,37
Jeddah,2023-02-01,6745301.0,4,jeddah,7752620.0,6473928.0,6410043.0,7079633.0,6231513.0,6878863.666666667,757369.0783470982,7103449.833333333,684419.0956948593,7176931.666666667,627795.9776862006,2,0.8660254037844386,0.5000000000000001,2023,38
Jeddah,2023-03-01,7217668.0,4,jeddah,6745301.0,7752620.0,6473928.0,6819884.0,7319753.0,6990616.333333333,673719.5390459838,7047727.833333333,700174.4340266708,7219747.333333333,572545.8367493146,3,1.0,6.123233995736766e-17,2023,39
Jeddah,2023-04-01,8873954.0,5,jeddah,7217668.0,6745301.0,7752620.0,8084591.0,7607236.0,7238529.666666667,503983.43106924946,7114025.166666667,693082.3933326895,7211240.25,571682.5908609428,4,0.8660254037844387,-0.4999999999999998,2023,40
Jeddah,2023-05-01,6565449.0,4,jeddah,8873954.0,7217668.0,6745301.0,6410043.0,7629388.0,7612307.666666667,1117853.4109991044,7245585.666666667,943749.8069235666,7316800.083333333,742790.8472957032,5,0.49999999999999994,-0.8660254037844387,2023,41
Jeddah,2023-06-01,6687479.0,4,jeddah,6565449.0,8873954.0,7217668.0,6473928.0,6813372.0,7552357.0,1190088.811306534,7271486.666666667,918013.9058924266,7228138.5,765245.4983122637,6,1.2246467991473532e-16,-1.0,2023,42
Jeddah,2023-07-01,8155543.0,5,jeddah,6687479.0,6565449.0,8873954.0,7752620.0,7901219.0,7375627.333333333,1299022.6827343442,7307078.5,884433.3907547264,7217647.416666667,772279.276558737,7,-0.4999999999999997,-0.8660254037844388,2023,43
Jeddah,2023-08-01,7087215.0,4,jeddah,8155543.0,6687479.0,6565449.0,6745301.0,7079633.0,7136157.0,884920.161919706,7374232.333333333,938662.7795922608,7238841.083333333,795873.2224668215,8,-0.8660254037844384,-0.5000000000000004,2023,44
Jeddah,2023-09-01,6707349.0,4,jeddah,7087215.0,8155543.0,6687479.0,7217668.0,6819884.0,7310079.0,758982.3771972567,7431218.0,902527.4731898207,7239472.916666667,795738.337156411,9,-1.0,-1.8369701987210297e-16,2023,45
Jeddah,2023-10-01,8060486.0,5,jeddah,6707349.0,7087215.0,8155543.0,8873954.0,8084591.0,7316702.333333333,750876.0167493246,7346164.833333333,949500.6770943183,7230095.0,801773.0450395567,10,-0.8660254037844386,0.5000000000000001,2023,46
Jeddah,2023-11-01,6782781.0,4,jeddah,8060486.0,6707349.0,7087215.0,6565449.0,6410043.0,7285016.666666667,697917.6596808047,7210586.833333333,717437.7054313279,7228086.25,799464.4543362242,11,-0.5000000000000004,0.8660254037844384,2023,47
Jeddah,2023-12-01,8613142.0,5,jeddah,6782781.0,8060486.0,6707349.0,6687479.0,6473928.0,7183538.666666667,760394.6118538267,7246808.833333333,683012.0223253532,7259147.75,771545.1884862013,12,-2.4492935982947064e-16,1.0,2023,48
Jeddah,2024-01-01,6896421.0,4,jeddah,8613142.0,6782781.0,8060486.0,8155543.0,7752620.0,7818803.0,938809.5397613929,7567752.666666667,808518.8814311445,7437415.583333333,819283.4499546193,1,0.49999999999999994,0.8660254037844387,2024,49
Jeddah,2024-02-01,7518447.0,4,jeddah,6896421.0,8613142.0,6782781.0,7087215.0,6745301.0,7430781.333333333,1025529.6543544373,7357899.0,788602.7225900266,7366065.666666667,826587.2154761471,2,0.8660254037844386,0.5000000000000001,2024,50
Jeddah,2024-03-01,9965053.0,5,jeddah,7518447.0,6896421.0,8613142.0,6707349.0,7217668.0,7676003.333333333,869137.933006224,7429771.0,778586.3595679046,7430494.5,803615.0750466778,3,1.0,6.123233995736766e-17,2024,51
Jeddah,2024-04-01,6645809.0,4,jeddah,9965053.0,7518447.0,6896421.0,8060486.0,8873954.0,8126640.333333333,1622205.2693445834,7972721.666666667,1197328.0512343594,7659443.25,1080969.6987833877,4,0.8660254037844387,-0.4999999999999998,2024,52
Jeddah,2024-05-01,7081995.0,4,jeddah,6645809.0,9965053.0,7518447.0,6782781.0,6565449.0,8043103.0,1720695.5342639787,7736942.166666667,1310527.7656270275,7473764.5,1044124.2193190625,5,0.49999999999999994,-0.8660254037844387,2024,53
Jeddah,2024-06-01,8600399.0,5,jeddah,7081995.0,6645809.0,9965053.0,8613142.0,6687479.0,7897619.0,1803684.3030075964,7786811.166666667,1272086.9371690636,7516810.0,1013471.1078898403,6,1.2246467991473532e-16,-1.0,2024,54
Jeddah,2024-07-01,6936974.0,4,jeddah,8600399.0,7081995.0,6645809.0,6896421.0,8155543.0,7442734.333333333,1026014.2138320174,7784687.333333333,1270440.973127311,7676220.0,1021576.1969517353,7,-0.4999999999999997,-0.8660254037844388,2024,55
Jeddah,2024-08-01,7335097.0,4,jeddah,6936974.0,8600399.0,7081995.0,7518447.0,7087215.0,7539789.333333333,921372.5746842766,7791446.166666667,1264865.8471642633,7574672.583333333,1030127.4750847359,8,-0.8660254037844384,-0.5000000000000004,2024,56
Jeddah,2024-09-01,8941233.0,5,jeddah,7335097.0,6936974.0,8600399.0,9965053.0,6707349.0,7624156.666666667,868569.1111398867,7760887.833333333,1274954.9955283005,7595329.416666667,1021916.6427306622,9,-1.0,-1.8369701987210297e-16,2024,57
Jeddah,2024-10-01,6736754.0,4,jeddah,8941233.0,7335097.0,6936974.0,6645809.0,8060486.0,7737768.0,1061070.9144307931,7590251.166666667,947388.0516000655,7781486.416666667,1048572.3611847857,10,-0.8660254037844386,0.5000000000000001,2024,58
Jeddah,2024-11-01,7177530.0,4,jeddah,6736754.0,8941233.0,7335097.0,7081995.0,6782781.0,7671028.0,1139986.466117471,7605408.666666667,929820.2525289865,7671175.416666667,1085530.7381154827,11,-0.5000000000000004,0.8660254037844384,2024,59
Jeddah,2024-12-01,9381536.0,5,jeddah,7177530.0,6736754.0,8941233.0,8600399.0,8613142.0,7618505.666666667,1166523.2827956472,7621331.166666667,919828.8580994664,7704071.166666667,1061885.2193897995,12,-2.4492935982947064e-16,1.0,2024,60
Jeddah,2025-01-01,7366591.0,4,jeddah,9381536.0,7177530.0,6736754.0,6936974.0,6896421.0,7765273.333333333,1416968.4634067668,7751520.666666667,1119685.405685306,7768104.0,1141843.7424088244,1,0.49999999999999994,0.8660254037844387,2025,61
Jeddah,2025-02-01,8217550.0,4,jeddah,7366591.0,9381536.0,7177530.0,7335097.0,7518447.0,7975219.0,1221569.336467235,7823123.5,1069803.7035061626,7807284.833333333,1117010.5491945802,2,0.8660254037844386,0.5000000000000001,2025,62
Jeddah,2025-03-01,10488734.0,5,jeddah,8217550.0,7366591.0,9381536.0,8941233.0,9965053.0,8321892.333333333,1011516.8462019474,7970199.0,1049763.3069579075,7865543.416666667,1118806.1697331674,3,1.0,6.123233995736766e-17,2025,63
Jeddah,2025-04-01,7203224.0,4,jeddah,10488734.0,8217550.0,7366591.0,6736754.0,6645809.0,8690958.333333334,1614010.7854857517,8228115.833333333,1449896.545464182,7909183.5,1214283.7231457257,4,0.8660254037844387,-0.4999999999999998,2025,64
Jeddah,2025-05-01,7492731.0,4,jeddah,7203224.0,10488734.0,8217550.0,7177530.0,7081995.0,8636502.666666666,1682345.087283026,8305860.833333333,1363889.834605775,7955634.75,1171467.8293854003,5,0.49999999999999994,-0.8660254037844387,2025,65
Jeddah,2025-06-01,9036173.0,5,jeddah,7492731.0,7203224.0,10488734.0,9381536.0,8600399.0,8394896.333333334,1819085.1289937843,8358394.333333333,1317001.7805134011,7989862.75,1149414.0968064144,6,1.2246467991473532e-16,-1.0,2025,66
Khobar,2020-05-01,808728.0,4,khobar,,,,,,,,,,,,5,0.49999999999999994,-0.8660254037844387,2020,5
Khobar,2020-06-01,1229471.0,4,khobar,808728.0,,,,,808728.0,,808728.0,,808728.0,,6,1.2246467991473532e-16,-1.0,2020,6
Khobar,2020-07-01,1026206.0,4,khobar,1229471.0,808728.0,,,,1019099.5,297510.22843677155,1019099.5,297510.22843677155,1019099.5,297510.22843677155,7,-0.4999999999999997,-0.8660254037844388,2020,7
Khobar,2020-08-01,1420320.0,5,khobar,1026206.0,1229471.0,808728.0,,,1021468.3333333334,210411.50663956886,1021468.3333333334,210411.50663956886,1021468.3333333334,210411.50663956886,8,-0.8660254037844384,-0.5000000000000004,2020,8
Khobar,2020-09-01,1188033.0,4,khobar,1420320.0,1026206.0,1229471.0,,,1225332.3333333333,197089.59300362194,1121181.25,263222.3352065385,1121181.25,263222.3352065385,9,-1.0,-1.8369701987210297e-16,2020,9
Khobar,2020-10-01,1148488.0,4,khobar,1188033.0,1420320.0,1026206.0,,,1211519.6666666667,198103.9597845872,1134551.6,229909.39434764296,1134551.6,229909.39434764296,10,-0.8660254037844386,0.5000000000000001,2020,10
Khobar,2020-11-01,1576974.0,5,khobar,1148488.0,1188033.0,1420320.0,808728.0,,1252280.3333333333,146863.7087109451,1136874.3333333333,205715.90660001637,1136874.3333333333,205715.90660001637,11,-0.5000000000000004,0.8660254037844384,2020,11
Khobar,2020-12-01,1268326.0,4,khobar,1576974.0,1148488.0,1188033.0,1229471.0,,1304498.3333333333,236797.7902142107,1264915.3333333333,199617.57716961356,1199745.7142857143,250869.5590479338,12,-2.4492935982947064e-16,1.0,2020,12
Khobar,2021-01-01,1576389.0,5,khobar,1268326.0,1576974.0,1148488.0,1026206.0,,1331262.6666666667,221067.48077755206,1271391.1666666667,198866.58791905345,1208318.25,233522.27259376593,1,0.49999999999999994,0.8660254037844387,2021,13
Khobar,2021-02-01,1081932.0,4,khobar,1576389.0,1268326.0,1576974.0,1420320.0,,1473896.3333333333,178029.3712181598,1363088.3333333333,189840.61161370765,1249215.0,250537.35802819903,2,0.8660254037844386,0.5000000000000001,2021,14
Khobar,2021-03-01,1304796.0,4,khobar,1081932.0,1576389.0,1268326.0,1188033.0,,1308882.3333333333,249710.9195496531,1306690.3333333333,217663.18143835585,1232486.7,242059.90627255428,3,1.0,6.123233995736766e-17,2021,15
Khobar,2021-04-01,1188040.0,4,khobar,1304796.0,1081932.0,1576389.0,1148488.0,,1321039.0,247628.36569948928,1326150.8333333333,210018.1240525841,1239060.2727272727,230670.82356600318,4,0.8660254037844387,-0.4999999999999998,2021,16
Khobar,2021-05-01,1577414.0,5,khobar,1188040.0,1304796.0,1081932.0,1576974.0,808728.0,1191589.3333333333,111474.38696549681,1332742.8333333333,203856.74151463967,1234808.5833333333,220428.59786477065,5,0.49999999999999994,-0.8660254037844387,2021,17
Khobar,2021-06-01,1240535.0,4,khobar,1577414.0,1188040.0,1304796.0,1268326.0,1229471.0,1356750.0,199818.52155393403,1332816.1666666667,203962.2220239979,1298865.75,195650.52218461788,6,1.2246467991473532e-16,-1.0,2021,18
Khobar,2021-07-01,1131845.0,4,khobar,1240535.0,1577414.0,1188040.0,1576389.0,1026206.0,1335329.6666666667,211287.83587876832,1328184.3333333333,206024.77953359546,1299787.75,195319.56081398553,7,-0.4999999999999997,-0.8660254037844388,2021,19
Khobar,2021-08-01,1540530.0,5,khobar,1131845.0,1240535.0,1577414.0,1081932.0,1420320.0,1316598.0,232319.0014118518,1254093.6666666667,176769.94362466328,1308591.0,183915.70846450288,8,-0.8660254037844384,-0.5000000000000004,2021,20
Khobar,2021-09-01,1246246.0,4,khobar,1540530.0,1131845.0,1240535.0,1304796.0,1188033.0,1304303.3333333333,211673.46918859088,1330526.6666666667,186328.83700347252,1318608.5,193574.74305220527,9,-1.0,-1.8369701987210297e-16,2021,21
Khobar,2021-10-01,1529927.0,5,khobar,1246246.0,1540530.0,1131845.0,1188040.0,1148488.0,1306207.0,210837.25583254968,1320768.3333333333,189452.8915827537,1323459.5833333333,190713.2466002575,10,-0.8660254037844386,0.5000000000000001,2021,22
Khobar,2021-11-01,1284555.0,4,khobar,1529927.0,1246246.0,1540530.0,1577414.0,1576974.0,1438901.0,166928.33094175477,1377749.5,192930.76887293003,1355246.1666666667,190686.81208336144,11,-0.5000000000000004,0.8660254037844384,2021,23
Khobar,2021-12-01,1288371.0,4,khobar,1284555.0,1529927.0,1246246.0,1240535.0,1268326.0,1353576.0,153920.9253837827,1328939.6666666667,167711.84286110103,1330877.9166666667,178040.9383466513,12,-2.4492935982947064e-16,1.0,2021,24
Khobar,2022-01-01,1577461.0,5,khobar,1288371.0,1284555.0,1529927.0,1131845.0,1576389.0,1367617.6666666667,140576.95483020446,1336912.3333333333,163759.19047389872,1332548.3333333333,177493.90391187754,1,0.49999999999999994,0.8660254037844387,2022,25
Khobar,2022-02-01,1284282.0,4,khobar,1577461.0,1288371.0,1284555.0,1540530.0,1081932.0,1383462.3333333333,168018.6074973048,1411181.6666666667,152840.31465247186,1332637.6666666667,177628.00582644285,2,0.8660254037844386,0.5000000000000001,2022,26
Khobar,2022-03-01,1443164.0,4,khobar,1284282.0,1577461.0,1288371.0,1246246.0,1304796.0,1383371.3333333333,168099.01549483673,1368473.6666666667,145072.05340473622,1349500.1666666667,160437.358299025,3,1.0,6.123233995736766e-17,2022,27
Khobar,2022-04-01,1332554.0,4,khobar,1443164.0,1284282.0,1577461.0,1529927.0,1188040.0,1434969.0,146761.20069350765,1401293.3333333333,133720.427511531,1361030.8333333333,161897.99852479144,4,0.8660254037844387,-0.4999999999999998,2022,28
Khobar,2022-05-01,1581982.0,5,khobar,1332554.0,1443164.0,1284282.0,1284555.0,1577414.0,1353333.3333333333,81453.71692767229,1368397.8333333333,119240.56012517992,1373073.6666666667,152989.99515496165,5,0.49999999999999994,-0.8660254037844387,2022,29
Khobar,2022-06-01,1346376.0,4,khobar,1581982.0,1332554.0,1443164.0,1288371.0,1240535.0,1452566.6666666667,124979.55593349403,1417969.0,137794.2872952284,1373454.3333333333,153549.31272356393,6,1.2246467991473532e-16,-1.0,2022,30
Khobar,2022-07-01,1441051.0,5,khobar,1346376.0,1581982.0,1332554.0,1577461.0,1131845.0,1420304.0,140187.70874794992,1427636.5,128612.19286171875,1382274.4166666667,148165.59112846348,7,-0.4999999999999997,-0.8660254037844388,2022,31
Khobar,2022-08-01,1332341.0,4,khobar,1441051.0,1346376.0,1581982.0,1284282.0,1540530.0,1456469.6666666667,118557.36278415342,1404901.5,107085.7296034348,1408041.5833333333,125862.80330687539,8,-0.8660254037844384,-0.5000000000000004,2022,32
Khobar,2022-09-01,1347012.0,4,khobar,1332341.0,1441051.0,1346376.0,1443164.0,1246246.0,1373256.0,59130.083925190214,1412911.3333333333,97639.93570597339,1390692.5,120159.51794291106,9,-1.0,-1.8369701987210297e-16,2022,33
Khobar,2022-10-01,1647726.0,5,khobar,1347012.0,1332341.0,1441051.0,1332554.0,1529927.0,1373468.0,58986.48978367876,1396886.0,99553.41849077794,1399089.6666666667,112419.04282907816,10,-0.8660254037844386,0.5000000000000001,2022,34
Khobar,2022-11-01,1341633.0,4,khobar,1647726.0,1347012.0,1332341.0,1581982.0,1284555.0,1442359.6666666667,178003.67330573086,1449414.6666666667,135485.01770404936,1408906.25,128828.17586235853,11,-0.5000000000000004,0.8660254037844384,2022,35
Khobar,2022-12-01,1360059.0,4,khobar,1341633.0,1647726.0,1347012.0,1346376.0,1288371.0,1445457.0,175190.73800004387,1409356.5,123446.99235987873,1413662.75,124810.63952981317,12,-2.4492935982947064e-16,1.0,2022,36
Khobar,2023-01-01,1621980.0,5,khobar,1360059.0,1341633.0,1647726.0,1441051.0,1577461.0,1449806.0,171651.17001931567,1411637.0,122170.61484497799,1419636.75,119886.96510473014,1,0.49999999999999994,0.8660254037844387,2023,37
Khobar,2023-02-01,1384031.0,4,khobar,1621980.0,1360059.0,1341633.0,1332341.0,1284282.0,1441224.0,156810.16555376764,1441791.8333333333,150034.26679984338,1423346.6666666667,125759.82288569941,2,0.8660254037844386,0.5000000000000001,2023,38
Khobar,2023-03-01,1435325.0,4,khobar,1384031.0,1621980.0,1360059.0,1347012.0,1443164.0,1455356.6666666667,144796.98064646707,1450406.8333333333,143849.17495128905,1431659.0833333333,118838.48797075091,3,1.0,6.123233995736766e-17,2023,39
Khobar,2023-04-01,1696687.0,5,khobar,1435325.0,1384031.0,1621980.0,1647726.0,1332554.0,1480445.3333333333,125227.05382757093,1465125.6666666667,135425.27938264163,1431005.8333333333,118791.03251495781,4,0.8660254037844387,-0.4999999999999998,2023,40
Khobar,2023-05-01,1430213.0,4,khobar,1696687.0,1435325.0,1384031.0,1341633.0,1581982.0,1505347.6666666667,167677.7384429231,1473285.8333333333,149384.25012084286,1461350.25,136537.94638263184,5,0.49999999999999994,-0.8660254037844387,2023,41
Khobar,2023-06-01,1407482.0,4,khobar,1430213.0,1696687.0,1435325.0,1360059.0,1346376.0,1520741.6666666667,152394.56478934322,1488049.1666666667,137690.4755608264,1448702.8333333333,131275.81729655643,6,1.2246467991473532e-16,-1.0,2023,42
Khobar,2023-07-01,1518896.0,5,khobar,1407482.0,1430213.0,1696687.0,1621980.0,1441051.0,1511460.6666666667,160812.84311376789,1495953.0,130021.61158361274,1453795.0,128092.28087593756,7,-0.4999999999999997,-0.8660254037844388,2023,43
Khobar,2023-08-01,1386167.0,4,khobar,1518896.0,1407482.0,1430213.0,1384031.0,1332341.0,1452197.0,58870.55325882372,1478772.3333333333,116103.93797915101,1460282.0833333333,129353.18117566817,8,-0.8660254037844384,-0.5000000000000004,2023,44
Khobar,2023-09-01,1391048.0,4,khobar,1386167.0,1518896.0,1407482.0,1435325.0,1347012.0,1437515.0,71279.25839260675,1479128.3333333333,115758.10051597489,1464767.5833333333,125385.72795864682,9,-1.0,-1.8369701987210297e-16,2023,45
Khobar,2023-10-01,1702063.0,5,khobar,1391048.0,1386167.0,1518896.0,1696687.0,1647726.0,1432037.0,75261.67983110661,1471748.8333333333,120426.20990700717,1468437.25,122230.77675679016,10,-0.8660254037844386,0.5000000000000001,2023,46
Khobar,2023-11-01,1437413.0,4,khobar,1702063.0,1391048.0,1386167.0,1430213.0,1341633.0,1493092.6666666667,180990.0721043376,1472644.8333333333,122437.72279067655,1472965.3333333333,130221.65836291587,11,-0.5000000000000004,0.8660254037844384,2023,47
Khobar,2023-12-01,1812172.0,5,khobar,1437413.0,1702063.0,1391048.0,1407482.0,1360059.0,1510174.6666666667,167789.38482017664,1473844.8333333333,121973.08015364109,1480947.0,124237.96300501899,12,-2.4492935982947064e-16,1.0,2023,48
Khobar,2024-01-01,1375393.0,4,khobar,1812172.0,1437413.0,1702063.0,1518896.0,1621980.0,1650549.3333333333,192617.0304265262,1541293.1666666667,177286.6274995565,1518623.0833333333,150105.42688539645,1,0.49999999999999994,0.8660254037844387,2024,49
Khobar,2024-02-01,1482952.0,4,khobar,1375393.0,1812172.0,1437413.0,1386167.0,1384031.0,1541659.3333333333,236314.29753684672,1517376.0,190127.21452122484,1498074.1666666667,151541.51540979484,2,0.8660254037844386,0.5000000000000001,2024,50
Khobar,2024-03-01,1809477.0,5,khobar,1482952.0,1375393.0,1812172.0,1391048.0,1435325.0,1556839.0,227570.736886358,1533506.8333333333,180637.6350038012,1506317.5833333333,147408.06961410283,3,1.0,6.123233995736766e-17,2024,51
Khobar,2024-04-01,1348261.0,4,khobar,1809477.0,1482952.0,1375393.0,1702063.0,1696687.0,1555940.6666666667,226059.14903036618,1603245.0,194850.87541707332,1537496.9166666667,169013.28725628168,4,0.8660254037844387,-0.4999999999999998,2024,52
Khobar,2024-05-01,1505095.0,4,khobar,1348261.0,1809477.0,1482952.0,1437413.0,1430213.0,1546896.6666666667,237163.95164597276,1544278.0,211765.68128570745,1508461.4166666667,169107.9349686353,5,0.49999999999999994,-0.8660254037844387,2024,53
Khobar,2024-06-01,1710885.0,5,khobar,1505095.0,1348261.0,1809477.0,1812172.0,1407482.0,1554277.6666666667,234508.5300992979,1555558.3333333333,206676.1827571491,1514701.5833333333,167330.28641063542,6,1.2246467991473532e-16,-1.0,2024,54
Khobar,2024-07-01,1313110.0,4,khobar,1710885.0,1505095.0,1348261.0,1375393.0,1518896.0,1521413.6666666667,181861.94078292826,1538677.1666666667,184467.43849516232,1539985.1666666667,172498.8672278138,7,-0.4999999999999997,-0.8660254037844388,2024,55
Khobar,2024-08-01,1503199.0,4,khobar,1313110.0,1710885.0,1505095.0,1482952.0,1386167.0,1509696.6666666667,198927.42183603876,1528296.6666666667,196831.64290191376,1522836.3333333333,184591.20673104769,8,-0.8660254037844384,-0.5000000000000004,2024,56
Khobar,2024-09-01,1872854.0,5,khobar,1503199.0,1313110.0,1710885.0,1809477.0,1391048.0,1509064.6666666667,198952.36161034455,1531671.1666666667,196070.85903460128,1532589.0,179741.93463458092,9,-1.0,-1.8369701987210297e-16,2024,57
Khobar,2024-10-01,1462584.0,4,khobar,1872854.0,1503199.0,1313110.0,1348261.0,1702063.0,1563054.3333333333,284631.92386015545,1542234.0,214839.06202178373,1572739.5,198123.11541266035,10,-0.8660254037844386,0.5000000000000001,2024,58
Khobar,2024-11-01,1525929.0,4,khobar,1462584.0,1872854.0,1503199.0,1505095.0,1437413.0,1612879.0,226058.94148429524,1561287.8333333333,198655.1883212883,1552782.9166666667,195961.71735986837,11,-0.5000000000000004,0.8660254037844384,2024,59
Khobar,2024-12-01,1951470.0,5,khobar,1525929.0,1462584.0,1872854.0,1710885.0,1812172.0,1620455.6666666667,220866.10481994145,1564760.1666666667,197656.1100592808,1560159.25,192865.69350062602,12,-2.4492935982947064e-16,1.0,2024,60
Khobar,2025-01-01,1491476.0,4,khobar,1951470.0,1525929.0,1462584.0,1313110.0,1375393.0,1646661.0,265865.64674098085,1604857.6666666667,250553.3318322998,1571767.4166666667,212595.5647204587,1,0.49999999999999994,0.8660254037844387,2025,61
Khobar,2025-02-01,1597395.0,4,khobar,1491476.0,1951470.0,1525929.0,1503199.0,1482952.0,1656291.6666666667,256211.70670820912,1634585.3333333333,217403.3839659966,1581441.0,205365.85469529108,2,0.8660254037844386,0.5000000000000001,2025,62
Khobar,2025-03-01,1953158.0,5,khobar,1597395.0,1491476.0,1951470.0,1872854.0,1809477.0,1680113.6666666667,240895.0048679577,1650284.6666666667,209266.8605887386,1590977.9166666667,203020.2611167212,3,1.0,6.123233995736766e-17,2025,63
Khobar,2025-04-01,1552804.0,4,khobar,1953158.0,1597395.0,1491476.0,1462584.0,1348261.0,1680676.3333333333,241845.82411597145,1663668.6666666667,228071.67902715708,1602951.3333333333,220557.4964263943,4,0.8660254037844387,-0.4999999999999998,2025,64
Khobar,2025-05-01,1597410.0,4,khobar,1552804.0,1953158.0,1597395.0,1525929.0,1505095.0,1701119.0,219407.9133964864,1678705.3333333333,214747.65514497843,1619996.5833333333,206543.59084374644,5,0.49999999999999994,-0.8660254037844387,2025,65
Khobar,2025-06-01,1810985.0,5,khobar,1597410.0,1552804.0,1953158.0,1951470.0,1710885.0,1701124.0,219404.36795105078,1690618.8333333333,206397.43760659092,1627689.5,203572.72821391057,6,1.2246467991473532e-16,-1.0,2025,66
Madinah,2020-05-01,880174.0,4,madinah,,,,,,,,,,,,5,0.49999999999999994,-0.8660254037844387,2020,5
Madinah,2020-06-01,1271508.0,4,madinah,880174.0,,,,,880174.0,,880174.0,,880174.0,,6,1.2246467991473532e-16,-1.0,2020,6
Madinah,2020-07-01,1046100.0,4,madinah,1271508.0,880174.0,,,,1075841.0,276714.9251088564,1075841.0,276714.9251088564,1075841.0,276714.9251088564,7,-0.4999999999999997,-0.8660254037844388,2020,7
Madinah,2020-08-01,1322125.0,5,madinah,1046100.0,1271508.0,880174.0,,,1065927.3333333333,196418.98393315586,1065927.3333333333,196418.98393315586,1065927.3333333333,196418.98393315586,8,-0.8660254037844384,-0.5000000000000004,2020,8
Madinah,2020-09-01,1130852.0,4,madinah,1322125.0,1046100.0,1271508.0,,,1213244.3333333333,146947.0697099243,1129976.75,205254.9372550715,1129976.75,205254.9372550715,9,-1.0,-1.8369701987210297e-16,2020,9
Madinah,2020-10-01,1078807.0,4,madinah,1130852.0,1322125.0,1046100.0,,,1166359.0,141396.64226211322,1130151.8,177756.4208775593,1130151.8,177756.4208775593,10,-0.8660254037844386,0.5000000000000001,2020,10
Madinah,2020-11-01,1449955.0,5,madinah,1078807.0,1130852.0,1322125.0,880174.0,,1177261.3333333333,128126.03929854909,1121594.3333333333,160366.0111902353,1121594.3333333333,160366.0111902353,11,-0.5000000000000004,0.8660254037844384,2020,11
Madinah,2020-12-01,1223378.0,4,madinah,1449955.0,1078807.0,1130852.0,1271508.0,,1219871.3333333333,200950.3440065066,1216557.8333333333,157489.5804800008,1168503.0,191921.8825807347,12,-2.4492935982947064e-16,1.0,2020,12
Madinah,2021-01-01,1589889.0,5,madinah,1223378.0,1449955.0,1078807.0,1046100.0,,1250713.3333333333,187077.85762172216,1208536.1666666667,155342.04249901779,1175362.375,178741.1981856429,1,0.49999999999999994,0.8660254037844387,2021,13
Madinah,2021-02-01,1189483.0,4,madinah,1589889.0,1223378.0,1449955.0,1322125.0,,1421074.0,184954.48737730054,1299167.6666666667,195149.07805845913,1221420.888888889,216903.9977792274,2,0.8660254037844386,0.5000000000000001,2021,14
Madinah,2021-03-01,1385143.0,4,madinah,1189483.0,1589889.0,1223378.0,1130852.0,,1334250.0,222037.59027921382,1277060.6666666667,199492.94904298396,1218227.1,204748.2953104724,3,1.0,6.123233995736766e-17,2021,15
Madinah,2021-04-01,1348982.0,4,madinah,1385143.0,1189483.0,1589889.0,1078807.0,,1388171.6666666667,200220.1808643009,1319442.5,188952.20632715538,1233401.2727272727,200655.14866760373,4,0.8660254037844387,-0.4999999999999998,2021,16
Madinah,2021-05-01,1752155.0,5,madinah,1348982.0,1385143.0,1189483.0,1449955.0,880174.0,1307869.3333333333,104107.62421808204,1364471.6666666667,147862.14152062905,1243033.0,194204.80036712877,5,0.49999999999999994,-0.8660254037844387,2021,17
Madinah,2021-06-01,1296889.0,4,madinah,1752155.0,1348982.0,1385143.0,1223378.0,1271508.0,1495426.6666666667,223067.21483071728,1414838.3333333333,217755.0111824444,1315698.0833333333,208685.61267543017,6,1.2246467991473532e-16,-1.0,2021,18
Madinah,2021-07-01,1296229.0,4,madinah,1296889.0,1752155.0,1348982.0,1589889.0,1046100.0,1466008.6666666667,249175.06541051288,1427090.1666666667,206611.01904246656,1317813.1666666667,208325.32895704397,7,-0.4999999999999997,-0.8660254037844388,2021,19
Madinah,2021-08-01,1689437.0,5,madinah,1296229.0,1296889.0,1752155.0,1189483.0,1322125.0,1448424.3333333333,263038.6802455741,1378146.8333333333,194776.30835850266,1338657.25,190410.55908608963,8,-0.8660254037844384,-0.5000000000000004,2021,20
Madinah,2021-09-01,1359435.0,4,madinah,1689437.0,1296229.0,1296889.0,1385143.0,1130852.0,1427518.3333333333,226828.45910805234,1461472.5,204615.53068694408,1369266.5833333333,215395.60504525286,9,-1.0,-1.8369701987210297e-16,2021,21
Madinah,2021-10-01,1684557.0,5,madinah,1359435.0,1689437.0,1296229.0,1348982.0,1078807.0,1448367.0,211151.15032601653,1457187.8333333333,206791.14372565967,1388315.1666666667,202091.09052415538,10,-0.8660254037844386,0.5000000000000001,2021,22
Madinah,2021-11-01,1475204.0,4,madinah,1684557.0,1359435.0,1689437.0,1752155.0,1449955.0,1577809.6666666667,189133.7486577511,1513117.0,216809.91264054255,1438794.3333333333,193210.92123674444,11,-0.5000000000000004,0.8660254037844384,2021,23
Madinah,2021-12-01,1455385.0,4,madinah,1475204.0,1684557.0,1359435.0,1296889.0,1223378.0,1506398.6666666667,164790.50076486016,1466958.5,182508.7825215536,1440898.4166666667,193480.80437625662,12,-2.4492935982947064e-16,1.0,2021,24
Madinah,2022-01-01,1850279.0,5,madinah,1455385.0,1475204.0,1684557.0,1296229.0,1589889.0,1538382.0,126978.52636961902,1493374.5,163444.6445886182,1460232.3333333333,180955.08325364414,1,0.49999999999999994,0.8660254037844387,2022,25
Madinah,2022-02-01,1455998.0,4,madinah,1850279.0,1455385.0,1475204.0,1689437.0,1189483.0,1593622.6666666667,222491.6925872365,1585716.1666666667,184890.9585441275,1481931.5,211029.39663102507,2,0.8660254037844386,0.5000000000000001,2022,26
Madinah,2022-03-01,1740621.0,4,madinah,1455998.0,1850279.0,1455385.0,1359435.0,1385143.0,1587220.6666666667,227815.40552458994,1546809.6666666667,183253.8293184247,1504141.0833333333,190476.60386870618,3,1.0,6.123233995736766e-17,2022,27
Madinah,2022-04-01,1937338.0,4,madinah,1740621.0,1455998.0,1850279.0,1684557.0,1348982.0,1682299.3333333333,203507.83607107945,1610340.6666666667,170965.65108426384,1533764.25,197789.26479376745,4,0.8660254037844387,-0.4999999999999998,2022,28
Madinah,2022-05-01,1856465.0,5,madinah,1937338.0,1740621.0,1455998.0,1475204.0,1752155.0,1711319.0,242004.14108646987,1652470.8333333333,217676.71233590005,1582793.9166666667,219546.41653706192,5,0.49999999999999994,-0.8660254037844387,2022,29
Madinah,2022-06-01,1536730.0,4,madinah,1856465.0,1937338.0,1740621.0,1455385.0,1296889.0,1844808.0,98875.21812365325,1716014.3333333333,211129.90643077096,1591486.4166666667,228734.2423359309,6,1.2246467991473532e-16,-1.0,2022,30
Madinah,2022-07-01,2001488.0,5,madinah,1536730.0,1856465.0,1937338.0,1850279.0,1296229.0,1776844.3333333333,211840.22360338777,1729571.8333333333,192868.64695685008,1611473.1666666667,210395.70401327676,7,-0.4999999999999997,-0.8660254037844388,2022,31
Madinah,2022-08-01,1750395.0,4,madinah,2001488.0,1536730.0,1856465.0,1455998.0,1689437.0,1798227.6666666667,237789.17108719083,1754773.3333333333,219794.9330131749,1670244.75,212819.46520087466,8,-0.8660254037844384,-0.5000000000000004,2022,32
Madinah,2022-09-01,1659350.0,4,madinah,1750395.0,2001488.0,1536730.0,1740621.0,1359435.0,1762871.0,232630.04443321584,1803839.5,166046.13853835716,1675324.5833333333,214043.2063619858,9,-1.0,-1.8369701987210297e-16,2022,33
Madinah,2022-10-01,2036496.0,5,madinah,1659350.0,1750395.0,2001488.0,1937338.0,1684557.0,1803744.3333333333,177198.24007685093,1790294.3333333333,175291.98968882175,1700317.5,189959.95844555323,10,-0.8660254037844386,0.5000000000000001,2022,34
Madinah,2022-11-01,1729369.0,4,madinah,2036496.0,1659350.0,1750395.0,1856465.0,1475204.0,1815413.6666666667,196800.27080858726,1806820.6666666667,195443.65471783924,1729645.75,213068.16652813024,11,-0.5000000000000004,0.8660254037844384,2022,35
Madinah,2022-12-01,1780523.0,4,madinah,1729369.0,2036496.0,1659350.0,1536730.0,1455385.0,1808405.0,200611.0497978612,1785638.0,195873.9796307803,1750826.1666666667,197542.7758762105,12,-2.4492935982947064e-16,1.0,2022,36
Madinah,2023-01-01,2089330.0,5,madinah,1780523.0,1729369.0,2036496.0,2001488.0,1850279.0,1848796.0,164552.88034245998,1826270.1666666667,154918.1799756436,1777921.0,174262.46931724975,1,0.49999999999999994,0.8660254037844387,2023,37
Madinah,2023-02-01,1829107.0,4,madinah,2089330.0,1780523.0,1729369.0,1750395.0,1455998.0,1866407.3333333333,194743.59916139295,1840910.5,177319.6904291771,1797841.9166666667,195638.6419361695,2,0.8660254037844386,0.5000000000000001,2023,38
Madinah,2023-03-01,1938016.0,4,madinah,1829107.0,2089330.0,1780523.0,1659350.0,1740621.0,1899653.3333333333,166051.28627123998,1854029.1666666667,172119.16421527803,1828934.3333333333,163356.4540808803,3,1.0,6.123233995736766e-17,2023,39
Madinah,2023-04-01,2558240.0,5,madinah,1938016.0,1829107.0,2089330.0,2036496.0,1937338.0,1952151.0,130686.07845137893,1900473.5,144455.10520400133,1845383.9166666667,163593.49332607564,4,0.8660254037844387,-0.4999999999999998,2023,40
Madinah,2023-05-01,1660970.0,4,madinah,2558240.0,1938016.0,1829107.0,1729369.0,1856465.0,2108454.3333333335,393313.68146090885,1987430.8333333333,307610.65267341695,1897125.75,263192.4245850017,5,0.49999999999999994,-0.8660254037844387,2023,41
Madinah,2023-06-01,1783839.0,4,madinah,1660970.0,2558240.0,1938016.0,1780523.0,1536730.0,2052408.6666666667,459442.73295518913,1976031.0,320100.79564661963,1880834.5,271846.2399119633,6,1.2246467991473532e-16,-1.0,2023,42
Madinah,2023-07-01,2223923.0,5,madinah,1783839.0,1660970.0,2558240.0,2089330.0,2001488.0,2001016.3333333333,486464.65319726284,1976583.6666666667,319698.3425122276,1901426.9166666667,252049.02270408295,7,-0.4999999999999997,-0.8660254037844388,2023,43
Madinah,2023-08-01,1892779.0,4,madinah,2223923.0,1783839.0,1660970.0,1829107.0,1750395.0,1889577.3333333333,295997.40945544303,1999015.8333333333,333610.83572055266,1919963.1666666667,267765.8748210775,8,-0.8660254037844384,-0.5000000000000004,2023,44
Madinah,2023-09-01,1789175.0,4,madinah,1892779.0,2223923.0,1783839.0,1938016.0,1659350.0,1966847.0,229200.85783434557,2009627.8333333333,328092.21703625575,1931828.5,262675.11614418984,9,-1.0,-1.8369701987210297e-16,2023,45
Madinah,2023-10-01,2226597.0,5,madinah,1789175.0,1892779.0,2223923.0,2558240.0,2036496.0,1968625.6666666667,227081.46888139777,1984821.0,340000.4228144414,1942647.25,252924.94879208197,10,-0.8660254037844386,0.5000000000000001,2023,46
Madinah,2023-11-01,1922206.0,4,madinah,2226597.0,1789175.0,1892779.0,1660970.0,1729369.0,1969517.0,228584.86827434556,1929547.1666666667,240547.93379982634,1958489.0,265002.515780168,11,-0.5000000000000004,0.8660254037844384,2023,47
Madinah,2023-12-01,2503450.0,5,madinah,1922206.0,2226597.0,1789175.0,1783839.0,1780523.0,1979326.0,224235.4171869375,1973086.5,202910.1768110681,1974558.75,255522.86970699014,12,-2.4492935982947064e-16,1.0,2023,48
Madinah,2024-01-01,1954184.0,4,madinah,2503450.0,1922206.0,2226597.0,2223923.0,2089330.0,2217417.6666666665,290730.70358036365,2093021.6666666667,270195.0628428756,2034802.6666666667,288685.96251426556,1,0.49999999999999994,0.8660254037844387,2024,49
Madinah,2024-02-01,2122305.0,4,madinah,1954184.0,2503450.0,1922206.0,1892779.0,1829107.0,2126613.3333333335,326741.56933168654,2048065.1666666667,266473.6674370762,2023540.5,289001.34272085066,2,0.8660254037844386,0.5000000000000001,2024,50
Madinah,2024-03-01,2839715.0,5,madinah,2122305.0,1954184.0,2503450.0,1789175.0,1938016.0,2193313.0,281433.627587394,2086319.5,255991.59063121356,2047973.6666666667,283408.76710258296,3,1.0,6.123233995736766e-17,2024,51
Madinah,2024-04-01,1908799.0,4,madinah,2839715.0,2122305.0,1954184.0,2226597.0,2558240.0,2305401.3333333335,470302.54990838957,2261409.5,352995.5663487839,2123115.25,360622.4898291401,4,0.8660254037844387,-0.4999999999999998,2024,52
Madinah,2024-05-01,1827067.0,4,madinah,1908799.0,2839715.0,2122305.0,1922206.0,1660970.0,2290273.0,487658.78084168636,2208443.1666666665,381921.198433087,2068995.1666666667,337367.4133894094,5,0.49999999999999994,-0.8660254037844387,2024,53
Madinah,2024-06-01,2429441.0,5,madinah,1827067.0,1908799.0,2839715.0,2503450.0,1783839.0,2191860.3333333335,562544.9153599499,2192586.6666666665,397825.7162198862,2082836.5833333333,322170.2219743353,6,1.2246467991473532e-16,-1.0,2024,54
Madinah,2024-07-01,1904700.0,4,madinah,2429441.0,1827067.0,1908799.0,1954184.0,2223923.0,2055102.3333333333,326752.3649146756,2180251.8333333335,387266.7238368995,2136636.75,321605.5945366863,7,-0.4999999999999997,-0.8660254037844388,2024,55
Madinah,2024-08-01,1990677.0,4,madinah,1904700.0,2429441.0,1827067.0,2122305.0,1892779.0,2053736.0,327677.2893274723,2172004.5,393520.4222145259,2110034.8333333335,326888.2997610912,8,-0.8660254037844384,-0.5000000000000004,2024,56
Madinah,2024-09-01,2473369.0,5,madinah,1990677.0,1904700.0,2429441.0,2839715.0,1789175.0,2108272.6666666665,281442.41841686424,2150066.5,400453.13842982776,2118193.0,322160.75783654687,9,-1.0,-1.8369701987210297e-16,2024,57
Madinah,2024-10-01,1923943.0,4,madinah,2473369.0,1990677.0,1904700.0,1908799.0,2226597.0,2122915.3333333335,306531.14114610496,2089008.8333333333,285781.3154819006,2175209.1666666665,319167.9695001972,10,-0.8660254037844386,0.5000000000000001,2024,58
Madinah,2024-11-01,2108621.0,4,madinah,1923943.0,2473369.0,1990677.0,1827067.0,1922206.0,2129329.6666666665,299809.36251113535,2091532.8333333333,283932.28884395235,2149988.0,326609.41511007526,11,-0.5000000000000004,0.8660254037844384,2024,59
Madinah,2024-12-01,2810912.0,5,madinah,2108621.0,1923943.0,2473369.0,2429441.0,2503450.0,2168644.3333333335,279587.79082308547,2138458.5,253071.3111071636,2165522.5833333335,319138.26018270984,12,-2.4492935982947064e-16,1.0,2024,60
Madinah,2025-01-01,2124796.0,4,madinah,2810912.0,2108621.0,1923943.0,1904700.0,1954184.0,2281158.6666666665,467980.16683865275,2202037.0,364278.73473756143,2191144.4166666665,358633.3073218783,1,0.49999999999999994,0.8660254037844387,2025,61
Madinah,2025-02-01,2325277.0,4,madinah,2124796.0,2810912.0,2108621.0,1990677.0,2122305.0,2348109.6666666665,400880.1659602695,2238719.6666666665,338519.76462810143,2205362.0833333335,351700.09293933643,2,0.8660254037844386,0.5000000000000001,2025,62
Madinah,2025-03-01,3176517.0,5,madinah,2325277.0,2124796.0,2810912.0,2473369.0,2839715.0,2420328.3333333335,352795.7742665481,2294486.3333333335,316318.0791606212,2222276.4166666665,352222.8738107988,3,1.0,6.123233995736766e-17,2025,63
Madinah,2025-04-01,1947563.0,4,madinah,3176517.0,2325277.0,2124796.0,1923943.0,1908799.0,2542196.6666666665,558408.3378678486,2411677.6666666665,482464.8946556264,2250343.25,413912.8369247729,4,0.8660254037844387,-0.4999999999999998,2025,64
Madinah,2025-05-01,1902083.0,4,madinah,1947563.0,3176517.0,2325277.0,2108621.0,1827067.0,2483119.0,629497.8604030359,2415614.3333333335,477762.7460477267,2253573.5833333335,411146.99723875767,5,0.49999999999999994,-0.8660254037844387,2025,65
Madinah,2025-06-01,2526166.0,5,madinah,1902083.0,1947563.0,3176517.0,2810912.0,2429441.0,2342054.3333333335,723023.5571164562,2381191.3333333335,510616.5045482419,2259824.9166666665,404590.612532866,6,1.2246467991473532e-16,-1.0,2025,66
Makkah,2020-05-01,574994.0,4,makkah,,,,,,,,,,,,5,0.49999999999999994,-0.8660254037844387,2020,5
Makkah,2020-06-01,924994.0,4,makkah,574994.0,,,,,574994.0,,574994.0,,574994.0,,6,1.2246467991473532e-16,-1.0,2020,6
Makkah,2020-07-01,753452.0,4,makkah,924994.0,574994.0,,,,749994.0,247487.37341529163,749994.0,247487.37341529163,749994.0,247487.37341529163,7,-0.4999999999999997,-0.8660254037844388,2020,7
Makkah,2020-08-01,1011689.0,5,makkah,753452.0,924994.0,574994.0,,,751146.6666666666,175011.38797613524,751146.6666666666,175011.38797613524,751146.6666666666,175011.38797613524,8,-0.8660254037844384,-0.5000000000000004,2020,8
Makkah,2020-09-01,868762.0,4,makkah,1011689.0,753452.0,924994.0,,,896711.6666666666,131421.09734107892,816282.25,193364.68346688856,816282.25,193364.68346688856,9,-1.0,-1.8369701987210297e-16,2020,9
Makkah,2020-10-01,861576.0,4,makkah,868762.0,1011689.0,753452.0,,,877967.6666666666,129364.38948309283,826778.2,169095.38858644254,826778.2,169095.38858644254,10,-0.8660254037844386,0.5000000000000001,2020,10
Makkah,2020-11-01,1188611.0,5,makkah,861576.0,868762.0,1011689.0,574994.0,,914009.0,84669.6312085981,832577.8333333334,151909.23222031855,832577.8333333334,151909.23222031855,11,-0.5000000000000004,0.8660254037844384,2020,11
Makkah,2020-12-01,1018255.0,4,makkah,1188611.0,861576.0,868762.0,924994.0,,972983.0,186773.88853102567,934847.3333333334,150358.20892743664,883439.7142857143,193232.66347309086,12,-2.4492935982947064e-16,1.0,2020,12
Makkah,2021-01-01,1330974.0,5,makkah,1018255.0,1188611.0,861576.0,753452.0,,1022814.0,163565.15878083574,950390.8333333334,153914.32895402136,900291.625,185139.49933645598,1,0.49999999999999994,0.8660254037844387,2021,13
Makkah,2021-02-01,1053105.0,4,makkah,1330974.0,1018255.0,1188611.0,1011689.0,,1179280.0,156568.17655896745,1046644.5,183803.22950454394,948145.2222222222,224948.34038439684,2,0.8660254037844386,0.5000000000000001,2021,14
Makkah,2021-03-01,1202784.0,4,makkah,1053105.0,1330974.0,1018255.0,868762.0,,1134111.3333333333,171376.23163768463,1053547.1666666667,183003.88308384805,958641.2,214664.8411386147,3,1.0,6.123233995736766e-17,2021,15
Makkah,2021-04-01,1375592.0,4,makkah,1202784.0,1053105.0,1330974.0,861576.0,,1195621.0,139072.9187045415,1109217.5,165519.22223204194,980836.0,216544.6726114499,4,0.8660254037844387,-0.4999999999999998,2021,16
Makkah,2021-05-01,1704686.0,5,makkah,1375592.0,1202784.0,1053105.0,1188611.0,574994.0,1210493.6666666667,161381.67650738213,1194886.8333333333,143231.78301399024,1013732.3333333334,235827.79289879123,5,0.49999999999999994,-0.8660254037844387,2021,17
Makkah,2021-06-01,1115692.0,4,makkah,1704686.0,1375592.0,1202784.0,1018255.0,924994.0,1427687.3333333333,254974.20892579184,1280899.3333333333,252207.70077035078,1107873.3333333333,268046.3895927288,6,1.2246467991473532e-16,-1.0,2021,18
Makkah,2021-07-01,1026876.0,4,makkah,1115692.0,1704686.0,1375592.0,1330974.0,753452.0,1398656.6666666667,295173.62203512253,1297138.8333333333,234423.8514455532,1123764.8333333333,261798.55899868484,7,-0.4999999999999997,-0.8660254037844388,2021,19
Makkah,2021-08-01,1512569.0,5,makkah,1026876.0,1115692.0,1704686.0,1053105.0,1011689.0,1282418.0,368381.2811911051,1246455.8333333333,257393.5866632399,1146550.1666666667,237400.53131281325,8,-0.8660254037844384,-0.5000000000000004,2021,20
Makkah,2021-09-01,1227750.0,4,makkah,1512569.0,1026876.0,1115692.0,1202784.0,868762.0,1218379.0,258617.26071358818,1323033.1666666667,256711.6815093672,1188290.1666666667,254919.71210624985,9,-1.0,-1.8369701987210297e-16,2021,21
Makkah,2021-10-01,1568995.0,5,makkah,1227750.0,1512569.0,1026876.0,1375592.0,861576.0,1255731.6666666667,244052.56158117534,1327194.1666666667,254566.13025178114,1218205.8333333333,234238.44099387783,10,-0.8660254037844386,0.5000000000000001,2021,22
Makkah,2021-11-01,1375251.0,4,makkah,1568995.0,1227750.0,1512569.0,1704686.0,1188611.0,1436438.0,182917.97171683278,1359428.0,273463.2501883939,1277157.4166666667,225168.39172028887,11,-0.5000000000000004,0.8660254037844384,2021,23
Makkah,2021-12-01,1375865.0,4,makkah,1375251.0,1568995.0,1227750.0,1115692.0,1018255.0,1390665.3333333333,171143.91242557642,1304522.1666666667,217655.7481799339,1292710.75,224941.98443603778,12,-2.4492935982947064e-16,1.0,2021,24
Makkah,2022-01-01,1772486.0,5,makkah,1375865.0,1375251.0,1568995.0,1026876.0,1330974.0,1440037.0,111681.32597708557,1347884.3333333333,197495.02607171357,1322511.5833333333,208352.72857669985,1,0.49999999999999994,0.8660254037844387,2022,25
Makkah,2022-02-01,1417578.0,4,makkah,1772486.0,1375865.0,1375251.0,1512569.0,1053105.0,1507867.3333333333,229166.69328315012,1472152.6666666667,189528.85788994492,1359304.25,245630.98965581544,2,0.8660254037844386,0.5000000000000001,2022,26
Makkah,2022-03-01,1784732.0,4,makkah,1417578.0,1772486.0,1375865.0,1227750.0,1202784.0,1521976.3333333333,217947.9603307482,1456320.8333333333,189444.96426499946,1389677.0,226082.89224007246,3,1.0,6.123233995736766e-17,2022,27
Makkah,2022-04-01,2739266.0,4,makkah,1784732.0,1417578.0,1772486.0,1568995.0,1375592.0,1658265.3333333333,208531.2577273091,1549151.1666666667,191494.86481200234,1438172.6666666667,244050.24057105064,4,0.8660254037844387,-0.4999999999999998,2022,28
Makkah,2022-05-01,1770229.0,5,makkah,2739266.0,1784732.0,1417578.0,1375251.0,1704686.0,1980525.3333333333,682250.7342387646,1744196.3333333333,523655.4693317615,1551812.1666666667,446106.99998906336,5,0.49999999999999994,-0.8660254037844387,2022,29
Makkah,2022-06-01,1429677.0,4,makkah,1770229.0,2739266.0,1784732.0,1375865.0,1115692.0,2098075.6666666665,555334.4640145553,1810026.0,491859.94418533496,1557274.0833333333,448543.4532099845,6,1.2246467991473532e-16,-1.0,2022,30
Makkah,2022-07-01,1888575.0,5,makkah,1429677.0,1770229.0,2739266.0,1772486.0,1026876.0,1979724.0,679464.4608064502,1818994.6666666667,482766.60809532745,1583439.5,429182.5480010063,7,-0.4999999999999997,-0.8660254037844388,2022,31
Makkah,2022-08-01,1782086.0,4,makkah,1888575.0,1429677.0,1770229.0,1417578.0,1512569.0,1696160.3333333333,238246.6560884611,1838342.8333333333,482856.13734337845,1655247.75,398593.1967222912,8,-0.8660254037844384,-0.5000000000000004,2022,32
Makkah,2022-09-01,1641578.0,4,makkah,1782086.0,1888575.0,1429677.0,1784732.0,1227750.0,1700112.6666666667,240180.27424069084,1899094.1666666667,440392.4809001258,1677707.5,397414.2941025142,9,-1.0,-1.8369701987210297e-16,2022,33
Makkah,2022-10-01,2024003.0,5,makkah,1641578.0,1782086.0,1888575.0,2739266.0,1568995.0,1770746.3333333333,123888.33896833645,1875235.1666666667,451563.51619918057,1712193.1666666667,371959.40482624795,10,-0.8660254037844386,0.5000000000000001,2022,34
Makkah,2022-11-01,1717695.0,4,makkah,2024003.0,1641578.0,1782086.0,1770229.0,1375251.0,1815889.0,193440.43595639482,1756024.6666666667,204872.53267987727,1750110.5,379156.81026180804,11,-0.5000000000000004,0.8660254037844384,2022,35
Makkah,2022-12-01,1793184.0,4,makkah,1717695.0,2024003.0,1641578.0,1429677.0,1375865.0,1794425.3333333333,202429.93404220982,1747269.0,205266.26771196647,1778647.5,360821.9845548363,12,-2.4492935982947064e-16,1.0,2022,36
Makkah,2023-01-01,2203637.0,5,makkah,1793184.0,1717695.0,2024003.0,1888575.0,1772486.0,1844960.6666666667,159583.09786544886,1807853.5,134083.42345085327,1813424.0833333333,337851.79489680385,1,0.49999999999999994,0.8660254037844387,2023,37
Makkah,2023-02-01,1911300.0,4,makkah,2203637.0,1793184.0,1717695.0,1782086.0,1417578.0,1904838.6666666667,261505.22037300406,1860363.8333333333,211412.59654563543,1849353.3333333333,355563.7585152833,2,0.8660254037844386,0.5000000000000001,2023,38
Makkah,2023-03-01,2303256.0,4,makkah,1911300.0,2203637.0,1793184.0,1641578.0,1784732.0,1969373.6666666667,211299.14664364693,1881899.5,208403.835925112,1890496.8333333333,328602.47467580053,3,1.0,6.123233995736766e-17,2023,39
Makkah,2023-04-01,3093884.0,5,makkah,2303256.0,1911300.0,2203637.0,2024003.0,2739266.0,2139397.6666666665,203721.36717667448,1992179.1666666667,229772.94949181448,1933707.1666666667,347007.1763483314,4,0.8660254037844387,-0.4999999999999998,2023,40
Makkah,2023-05-01,1626610.0,4,makkah,3093884.0,2303256.0,1911300.0,1717695.0,1770229.0,2436146.6666666665,602387.8951550516,2170492.6666666665,507137.96925872966,1963258.6666666667,427589.38901970186,5,0.49999999999999994,-0.8660254037844387,2023,41
Makkah,2023-06-01,1797682.0,4,makkah,1626610.0,3093884.0,2303256.0,1793184.0,1429677.0,2341250.0,734374.4996907234,2155311.8333333335,524470.1099732645,1951290.4166666667,435421.69174709363,6,1.2246467991473532e-16,-1.0,2023,42
Makkah,2023-07-01,2242558.0,5,makkah,1797682.0,1626610.0,3093884.0,2203637.0,1888575.0,2172725.3333333335,802319.3716827069,2156061.5,523851.8186074203,1981957.5,407402.17959262035,7,-0.4999999999999997,-0.8660254037844388,2023,43
Makkah,2023-08-01,1960760.0,4,makkah,2242558.0,1797682.0,1626610.0,1911300.0,1782086.0,1888950.0,317954.9819455584,2162548.3333333335,524798.8913028192,2011456.0833333333,412805.5042329159,8,-0.8660254037844384,-0.5000000000000004,2023,44
Makkah,2023-09-01,1806102.0,4,makkah,1960760.0,2242558.0,1797682.0,2303256.0,1641578.0,2000333.3333333333,225062.65878046857,2170791.6666666665,520433.37186682055,2026345.5833333333,406961.16843892337,9,-1.0,-1.8369701987210297e-16,2023,45
Makkah,2023-10-01,2288910.0,5,makkah,1806102.0,1960760.0,2242558.0,3093884.0,2024003.0,2003140.0,221292.81118915786,2087932.6666666667,534511.4672007217,2040055.9166666667,395428.0514630961,10,-0.8660254037844386,0.5000000000000001,2023,46
Makkah,2023-11-01,1959653.0,4,makkah,2288910.0,1806102.0,1960760.0,1626610.0,1717695.0,2018590.6666666667,246544.48020860978,1953770.3333333333,264185.2214683252,2062131.5,401793.6450046098,11,-0.5000000000000004,0.8660254037844384,2023,47
Makkah,2023-12-01,2649236.0,5,makkah,1959653.0,2288910.0,1806102.0,1797682.0,1793184.0,2018221.6666666667,246675.10565992177,2009277.5,211415.9903902765,2082294.6666666667,388798.4013454625,12,-2.4492935982947064e-16,1.0,2023,48
Makkah,2024-01-01,2091457.0,4,makkah,2649236.0,1959653.0,2288910.0,2242558.0,2203637.0,2299266.3333333335,344908.1308150525,2151203.1666666665,305745.14286014176,2153632.3333333335,408942.64005566394,1,0.49999999999999994,0.8660254037844387,2024,49
Makkah,2024-02-01,2250069.0,4,makkah,2091457.0,2649236.0,1959653.0,1960760.0,1911300.0,2233448.6666666665,366063.38730380195,2126019.6666666665,302925.43925439543,2144284.0,408977.83011329744,2,0.8660254037844386,0.5000000000000001,2024,50
Makkah,2024-03-01,3743007.0,5,makkah,2250069.0,2091457.0,2649236.0,1806102.0,2303256.0,2330254.0,287404.9040621959,2174237.8333333335,294260.6459691281,2172514.75,403083.2014032297,3,1.0,6.123233995736766e-17,2024,51
Makkah,2024-04-01,1946872.0,4,makkah,3743007.0,2250069.0,2091457.0,2288910.0,3093884.0,2694844.3333333335,911193.2690057216,2497055.3333333335,653175.7061454976,2292494.0,607816.4441432202,4,0.8660254037844387,-0.4999999999999998,2024,52
Makkah,2024-05-01,1785960.0,4,makkah,1946872.0,3743007.0,2250069.0,1959653.0,1626610.0,2646649.3333333335,961499.97667516,2440049.0,688922.5506168329,2196909.6666666665,558524.1416544026,5,0.49999999999999994,-0.8660254037844387,2024,53
Makkah,2024-06-01,2392952.0,5,makkah,1785960.0,1946872.0,3743007.0,2649236.0,1797682.0,2491946.3333333335,1086433.5054186857,2411100.1666666665,716253.4882482383,2210188.8333333335,545474.2114097237,6,1.2246467991473532e-16,-1.0,2024,54
Makkah,2024-07-01,1953190.0,4,makkah,2392952.0,1785960.0,1946872.0,2091457.0,2242558.0,2041928.0,314462.32583252346,2368386.1666666665,706791.2086604991,2259794.6666666665,531436.7226147573,7,-0.4999999999999997,-0.8660254037844388,2024,55
Makkah,2024-08-01,2052896.0,4,makkah,1953190.0,2392952.0,1785960.0,2250069.0,1960760.0,2044034.0,313527.18585156236,2345341.6666666665,719761.1913379806,2235680.6666666665,538803.9271108368,8,-0.8660254037844384,-0.5000000000000004,2024,56
Makkah,2024-09-01,2484110.0,5,makkah,2052896.0,1953190.0,2392952.0,3743007.0,1806102.0,2133012.6666666665,230568.13389827614,2312479.5,729417.4275038281,2243358.6666666665,535174.3837947216,9,-1.0,-1.8369701987210297e-16,2024,57
Makkah,2024-10-01,1973168.0,4,makkah,2484110.0,2052896.0,1953190.0,1946872.0,2288910.0,2163398.6666666665,282182.8150425418,2102663.3333333335,275376.1337651979,2299859.3333333335,520400.871682124,10,-0.8660254037844386,0.5000000000000001,2024,58
Makkah,2024-11-01,2112414.0,4,makkah,1973168.0,2484110.0,2052896.0,1785960.0,1959653.0,2170058.0,274882.94331223983,2107046.0,272596.01260767103,2273547.5,528917.1896188211,11,-0.5000000000000004,0.8660254037844384,2024,59
Makkah,2024-12-01,2889305.0,5,makkah,2112414.0,1973168.0,2484110.0,2392952.0,2649236.0,2189897.3333333335,264136.6730488846,2161455.0,223925.65319320085,2286277.5833333335,522474.6114448493,12,-2.4492935982947064e-16,1.0,2024,60
Makkah,2025-01-01,2228363.0,4,makkah,2889305.0,2112414.0,1973168.0,1953190.0,2091457.0,2324962.3333333335,493669.2680270194,2244180.5,370358.529584377,2306283.3333333335,541871.9580621052,1,0.49999999999999994,0.8660254037844387,2025,61
Makkah,2025-02-01,2466861.0,4,makkah,2228363.0,2889305.0,2112414.0,2052896.0,2250069.0,2410027.3333333335,419095.87682812265,2290042.6666666665,343156.4932818096,2317692.1666666665,538367.6249376999,2,0.8660254037844386,0.5000000000000001,2025,62
Makkah,2025-03-01,4242382.0,5,makkah,2466861.0,2228363.0,2889305.0,2484110.0,3743007.0,2528176.3333333335,334709.9631282773,2359036.8333333335,327184.0172425432,2335758.1666666665,539528.293915381,3,1.0,6.123233995736766e-17,2025,63
Makkah,2025-04-01,1910352.0,4,makkah,4242382.0,2466861.0,2228363.0,1973168.0,1946872.0,2979202.0,1100426.330247054,2652082.1666666665,842773.8986407742,2377372.75,663056.4530780058,4,0.8660254037844387,-0.4999999999999998,2025,64
Makkah,2025-05-01,1830504.0,4,makkah,1910352.0,4242382.0,2466861.0,2112414.0,1785960.0,2873198.3333333335,1217958.743788283,2641612.8333333335,853219.8748213557,2374329.4166666665,665292.0617906988,5,0.49999999999999994,-0.8660254037844387,2025,65
Makkah,2025-06-01,2462345.0,5,makkah,1830504.0,1910352.0,4242382.0,2889305.0,2392952.0,2661079.3333333335,1370030.115903053,2594627.8333333335,894932.5524206669,2378041.4166666665,661826.0529718247,6,1.2246467991473532e-16,-1.0,2025,66
Riyadh,2020-05-01,6740697.0,4,riyadh,,,,,,,,,,,,5,0.49999999999999994,-0.8660254037844387,2020,5
Riyadh,2020-06-01,10326291.0,4,riyadh,6740697.0,,,,,6740697.0,,6740697.0,,6740697.0,,6,1.2246467991473532e-16,-1.0,2020,6
Riyadh,2020-07-01,8595064.0,4,riyadh,10326291.0,6740697.0,,,,8533494.0,2535397.8319817977,8533494.0,2535397.8319817977,8533494.0,2535397.8319817977,7,-0.4999999999999997,-0.8660254037844388,2020,7
Riyadh,2020-08-01,11514550.0,5,riyadh,8595064.0,10326291.0,6740697.0,,,8554017.333333334,1793149.3816306363,8554017.333333334,1793149.3816306363,8554017.333333334,1793149.3816306363,8,-0.8660254037844384,-0.5000000000000004,2020,8
Riyadh,2020-09-01,9984445.0,4,riyadh,11514550.0,8595064.0,10326291.0,,,10145301.666666666,1468134.0130023328,9294150.5,2082013.0212917337,9294150.5,2082013.0212917337,9,-1.0,-1.8369701987210297e-16,2020,9
Riyadh,2020-10-01,9773750.0,4,riyadh,9984445.0,11514550.0,8595064.0,,,10031353.0,1460308.1511780312,9432209.4,1829312.7028934392,9432209.4,1829312.7028934392,10,-0.8660254037844386,0.5000000000000001,2020,10
Riyadh,2020-11-01,13115526.0,5,riyadh,9773750.0,9984445.0,11514550.0,6740697.0,,10424248.333333334,950087.5691263062,9489132.833333334,1642117.4244092796,9489132.833333334,1642117.4244092796,11,-0.5000000000000004,0.8660254037844384,2020,11
Riyadh,2020-12-01,10978969.0,4,riyadh,13115526.0,9773750.0,9984445.0,10326291.0,,10957907.0,1871520.2129891627,10551604.333333334,1568853.2064642203,10007189.0,2031206.5476066188,12,-2.4492935982947064e-16,1.0,2020,12
Riyadh,2021-01-01,13393299.0,5,riyadh,10978969.0,13115526.0,9773750.0,8595064.0,,11289415.0,1692379.7587217242,10660384.0,1572728.7294395047,10128661.5,1911660.1631861392,1,0.49999999999999994,0.8660254037844387,2021,13
Riyadh,2021-02-01,9999567.0,4,riyadh,13393299.0,10978969.0,13115526.0,11514550.0,,12495931.333333334,1321049.015156642,11460089.833333334,1531892.9112469205,10491399.0,2093285.8028062005,2,0.8660254037844386,0.5000000000000001,2021,14
Riyadh,2021-03-01,11664579.0,4,riyadh,9999567.0,13393299.0,10978969.0,9984445.0,,11457278.333333334,1746693.7584251382,11207592.666666666,1642017.7574879834,10442215.8,1979687.7549093328,3,1.0,6.123233995736766e-17,2021,15
Riyadh,2021-04-01,11136619.0,4,riyadh,11664579.0,9999567.0,13393299.0,9773750.0,,11685815.0,1696965.6589713304,11487615.0,1531233.6745851687,10553339.727272727,1913917.7217377494,4,0.8660254037844387,-0.4999999999999998,2021,16
Riyadh,2021-05-01,13394431.0,5,riyadh,11136619.0,11664579.0,9999567.0,13115526.0,6740697.0,10933588.333333334,850871.5112996408,11714759.833333334,1311463.2387412789,10601946.333333334,1832600.5848614213,5,0.49999999999999994,-0.8660254037844387,2021,17
Riyadh,2021-06-01,11125494.0,4,riyadh,13394431.0,11136619.0,11664579.0,10978969.0,10326291.0,12065209.666666666,1181019.6675506022,11761244.0,1374471.8142470575,11156424.166666666,1541606.3088835045,6,1.2246467991473532e-16,-1.0,2021,18
Riyadh,2021-07-01,10218432.0,4,riyadh,11125494.0,13394431.0,11136619.0,13393299.0,8595064.0,11885514.666666666,1306771.7157776009,11785664.833333334,1359007.6868854584,11223024.416666666,1519589.0176651205,7,-0.4999999999999997,-0.8660254037844388,2021,19
Riyadh,2021-08-01,14343945.0,5,riyadh,10218432.0,11125494.0,13394431.0,9999567.0,11514550.0,11579452.333333334,1635940.414043964,11256520.333333334,1218710.5639840283,11358305.083333334,1324046.0811626853,8,-0.8660254037844384,-0.5000000000000004,2021,20
Riyadh,2021-09-01,11703775.0,4,riyadh,14343945.0,10218432.0,11125494.0,11664579.0,9984445.0,11895957.0,2167988.5387310064,11980583.333333334,1564156.847389757,11594088.0,1581328.2250279926,9,-1.0,-1.8369701987210297e-16,2021,21
Riyadh,2021-10-01,14460316.0,5,riyadh,11703775.0,14343945.0,10218432.0,11136619.0,9773750.0,12088717.333333334,2089521.4352301671,11987116.0,1562654.234083534,11737365.5,1497917.5804009621,10,-0.8660254037844386,0.5000000000000001,2021,22
Riyadh,2021-11-01,12372365.0,4,riyadh,14460316.0,11703775.0,14343945.0,13394431.0,13115526.0,13502678.666666666,1558982.47388171,12541065.5,1775480.4464248808,12127912.666666666,1549477.224900259,11,-0.5000000000000004,0.8660254037844384,2021,23
Riyadh,2021-12-01,12670984.0,4,riyadh,12372365.0,14460316.0,11703775.0,11125494.0,10978969.0,12845485.333333334,1437884.455903998,12370721.166666666,1725559.5097766293,12065982.583333334,1521005.3254274393,12,-2.4492935982947064e-16,1.0,2021,24
Riyadh,2022-01-01,15402117.0,5,riyadh,12670984.0,12372365.0,14460316.0,10218432.0,13393299.0,13167888.333333334,1129190.1000116572,12628302.833333334,1614264.8662076988,12206983.833333334,1489169.4193122827,1,0.49999999999999994,0.8660254037844387,2022,25
Riyadh,2022-02-01,12446228.0,4,riyadh,15402117.0,12670984.0,12372365.0,14343945.0,9999567.0,13481822.0,1669713.4460915753,13492250.333333334,1444810.796794881,12374385.333333334,1728350.087779638,2,0.8660254037844386,0.5000000000000001,2022,26
Riyadh,2022-03-01,14267316.0,4,riyadh,12446228.0,15402117.0,12670984.0,11703775.0,11664579.0,13506443.0,1645543.6033697205,13175964.166666666,1428702.1014844766,12578273.75,1558719.978940013,3,1.0,6.123233995736766e-17,2022,27
Riyadh,2022-04-01,13384047.0,4,riyadh,14267316.0,12446228.0,15402117.0,14460316.0,11136619.0,14038553.666666666,1491163.6727550526,13603221.0,1275489.3920233096,12795168.5,1600545.1723309516,4,0.8660254037844387,-0.4999999999999998,2022,28
Riyadh,2022-05-01,14704360.0,5,riyadh,13384047.0,14267316.0,12446228.0,12372365.0,13394431.0,13365863.666666666,910680.1585322571,13423842.833333334,1204552.380680126,12982454.166666666,1518200.9008254039,5,0.49999999999999994,-0.8660254037844387,2022,29
Riyadh,2022-06-01,13470766.0,4,riyadh,14704360.0,13384047.0,14267316.0,12670984.0,11125494.0,14118574.333333334,672606.6213206179,13812508.666666666,1173242.0030959756,13091614.916666666,1595633.6923992126,6,1.2246467991473532e-16,-1.0,2022,30
Riyadh,2022-07-01,14683818.0,5,riyadh,13470766.0,14704360.0,13384047.0,15402117.0,10218432.0,13853057.666666666,738523.3871004607,13945805.666666666,1057315.9351396617,13287054.25,1471742.3617291278,7,-0.4999999999999997,-0.8660254037844388,2022,31
Riyadh,2022-08-01,13951096.0,4,riyadh,14683818.0,13470766.0,14704360.0,12446228.0,14343945.0,14286314.666666666,706360.5412375024,13826089.166666666,886274.4716875001,13659169.75,1155978.4713481462,8,-0.8660254037844384,-0.5000000000000004,2022,32
Riyadh,2022-09-01,13871409.0,4,riyadh,13951096.0,14683818.0,13470766.0,14267316.0,11703775.0,14035226.666666666,610886.4587477259,14076900.5,576469.2733111539,13626432.333333334,1140278.7306559894,9,-1.0,-1.8369701987210297e-16,2022,33
Riyadh,2022-10-01,17131734.0,5,riyadh,13871409.0,13951096.0,14683818.0,13384047.0,14460316.0,14168774.333333334,447816.91395294294,14010916.0,572962.3170593247,13807068.5,966457.4800760822,10,-0.8660254037844386,0.5000000000000001,2022,34
Riyadh,2022-11-01,14169443.0,4,riyadh,17131734.0,13871409.0,13951096.0,14704360.0,12372365.0,14984746.333333334,1859772.7106037277,14635530.5,1315074.8790963527,14029686.666666666,1358689.3043002475,11,-0.5000000000000004,0.8660254037844384,2022,35
Riyadh,2022-12-01,14786402.0,4,riyadh,14169443.0,17131734.0,13871409.0,13470766.0,12670984.0,15057528.666666666,1802484.9208551887,14546377.666666666,1327548.1444820953,14179443.166666666,1254450.0966999556,12,-2.4492935982947064e-16,1.0,2022,36
Riyadh,2023-01-01,17575563.0,5,riyadh,14786402.0,14169443.0,17131734.0,14683818.0,15402117.0,15362526.333333334,1562923.9993564424,14765650.333333334,1218532.6083966128,14355728.0,1168920.611446776,1,0.49999999999999994,0.8660254037844387,2023,37
Riyadh,2023-02-01,15098513.0,4,riyadh,17575563.0,14786402.0,14169443.0,13951096.0,12446228.0,15510469.333333334,1814832.909939738,15247607.833333334,1668491.7177682815,14536848.5,1474291.2385333185,2,0.8660254037844386,0.5000000000000001,2023,38
Riyadh,2023-03-01,15785752.0,4,riyadh,15098513.0,17575563.0,14786402.0,13871409.0,14267316.0,15820159.333333334,1528212.9576045142,15438844.0,1551849.3334091369,14757872.25,1323474.6339894447,3,1.0,6.123233995736766e-17,2023,39
Riyadh,2023-04-01,18351410.0,5,riyadh,15785752.0,15098513.0,17575563.0,17131734.0,13384047.0,16153276.0,1278768.7803340377,15757901.166666666,1348620.74695911,14884408.583333334,1344726.7447042952,4,0.8660254037844387,-0.4999999999999998,2023,40
Riyadh,2023-05-01,15060424.0,4,riyadh,18351410.0,15785752.0,15098513.0,14169443.0,14704360.0,16411891.666666666,1714459.9396843126,15961180.5,1654377.5920939816,15298355.5,1584125.2114700472,5,0.49999999999999994,-0.8660254037844387,2023,41
Riyadh,2023-06-01,15207780.0,4,riyadh,15060424.0,18351410.0,15785752.0,14786402.0,13470766.0,16399195.333333334,1729127.4549486912,16109677.333333334,1493556.6432137238,15328027.5,1575297.8118273742,6,1.2246467991473532e-16,-1.0,2023,42
Riyadh,2023-07-01,17629592.0,5,riyadh,15207780.0,15060424.0,18351410.0,17575563.0,14683818.0,16206538.0,1858974.2789968892,16179907.0,1427327.936251785,15472778.666666666,1465072.1215349133,7,-0.4999999999999997,-0.8660254037844388,2023,43
Riyadh,2023-08-01,16104875.0,4,riyadh,17629592.0,15207780.0,15060424.0,15098513.0,13951096.0,15965932.0,1442654.4611874337,16188911.833333334,1438024.310974799,15718259.833333334,1564290.4960782449,8,-0.8660254037844384,-0.5000000000000004,2023,44
Riyadh,2023-09-01,15671398.0,4,riyadh,16104875.0,17629592.0,15207780.0,15785752.0,13871409.0,16314082.333333334,1224385.2016732062,16356638.833333334,1340810.8061334174,15897741.416666666,1463404.869272441,9,-1.0,-1.8369701987210297e-16,2023,45
Riyadh,2023-10-01,19641965.0,5,riyadh,15671398.0,16104875.0,17629592.0,18351410.0,17131734.0,16468621.666666666,1028525.4802591606,16337579.833333334,1351320.2314424752,16047740.5,1322267.4569547458,10,-0.8660254037844386,0.5000000000000001,2023,46
Riyadh,2023-11-01,16509811.0,4,riyadh,19641965.0,15671398.0,16104875.0,15060424.0,14169443.0,17139412.666666668,2178084.4136962034,16552672.333333334,1772918.0763758498,16256926.416666666,1663801.9544654945,11,-0.5000000000000004,0.8660254037844384,2023,47
Riyadh,2023-12-01,21015108.0,5,riyadh,16509811.0,19641965.0,15671398.0,15207780.0,14786402.0,17274391.333333332,2092794.2779839428,16794236.833333332,1621178.8357426028,16451957.083333334,1528532.4645453293,12,-2.4492935982947064e-16,1.0,2023,48
Riyadh,2024-01-01,16257695.0,4,riyadh,21015108.0,16509811.0,19641965.0,17629592.0,17575563.0,19055628.0,2309170.537818504,17762124.833333332,2136313.13835789,16971015.916666668,1919179.1363161027,1,0.49999999999999994,0.8660254037844387,2024,49
Riyadh,2024-02-01,17489149.0,4,riyadh,16257695.0,21015108.0,16509811.0,16104875.0,15098513.0,17927538.0,2676883.8222902017,17533475.333333332,2224914.8178756502,16861193.583333332,1919146.4093417637,2,0.8660254037844386,0.5000000000000001,2024,50
Riyadh,2024-03-01,22288930.0,5,riyadh,17489149.0,16257695.0,21015108.0,15671398.0,15785752.0,18253984.0,2469205.144588234,17764187.666666668,2116266.833881171,17060413.25,1842068.3978220732,3,1.0,6.123233995736766e-17,2024,51
Riyadh,2024-04-01,15205150.0,4,riyadh,22288930.0,17489149.0,16257695.0,19641965.0,18351410.0,18678591.333333332,3186695.5776400003,18867109.666666668,2497511.9429774573,17602344.75,2326013.462387263,4,0.8660254037844387,-0.4999999999999998,2024,52
Riyadh,2024-05-01,17322117.0,4,riyadh,15205150.0,22288930.0,17489149.0,16509811.0,15060424.0,18327743.0,3615579.4410753865,18127640.5,2853646.4198834915,17340156.416666668,2409720.016824121,5,0.49999999999999994,-0.8660254037844387,2024,53
Riyadh,2024-06-01,19975741.0,5,riyadh,17322117.0,15205150.0,22288930.0,21015108.0,15207780.0,18272065.666666668,3636177.4742270675,18263024.833333332,2779856.534437656,17528630.833333332,2301207.7938336884,6,1.2246467991473532e-16,-1.0,2024,54
Riyadh,2024-07-01,15938562.0,4,riyadh,19975741.0,17322117.0,15205150.0,16257695.0,17629592.0,17501002.666666668,2390321.0419574063,18089797.0,2600669.120751113,17925960.916666668,2275535.4145217477,7,-0.4999999999999997,-0.8660254037844388,2024,55
Riyadh,2024-08-01,17902070.0,4,riyadh,15938562.0,19975741.0,17322117.0,17489149.0,16104875.0,17745473.333333332,2051615.584908717,18036608.166666668,2648457.6399487555,17785041.75,2346802.409294257,8,-0.8660254037844384,-0.5000000000000004,2024,56
Riyadh,2024-09-01,22166356.0,5,riyadh,17902070.0,15938562.0,19975741.0,22288930.0,15671398.0,17938791.0,2018839.9870695558,18105428.333333332,2636725.6603635186,17934808.0,2286399.9725409215,9,-1.0,-1.8369701987210297e-16,2024,57
Riyadh,2024-10-01,17376813.0,4,riyadh,22166356.0,17902070.0,15938562.0,15205150.0,19641965.0,18668996.0,3183941.91902365,18084999.333333332,2598020.5655362764,18476054.5,2463764.1848093746,10,-0.8660254037844386,0.5000000000000001,2024,58
Riyadh,2024-11-01,18310799.0,4,riyadh,17376813.0,22166356.0,17902070.0,17322117.0,16509811.0,19148413.0,2626777.244543017,18446943.166666668,2243681.3483130215,18287291.833333332,2453066.3925942695,11,-0.5000000000000004,0.8660254037844384,2024,59
Riyadh,2024-12-01,23590636.0,5,riyadh,18310799.0,17376813.0,22166356.0,19975741.0,21015108.0,19284656.0,2538942.4234411074,18611723.5,2179950.272057478,18437374.166666668,2388679.741536622,12,-2.4492935982947064e-16,1.0,2024,60
Riyadh,2025-01-01,18022377.0,4,riyadh,23590636.0,18310799.0,17376813.0,15938562.0,16257695.0,19759416.0,3350636.876527954,19214206.0,2983690.027758576,18652001.5,2732336.9465568457,1,0.49999999999999994,0.8660254037844387,2025,61
Riyadh,2025-02-01,20047891.0,4,riyadh,18022377.0,23590636.0,18310799.0,17902070.0,17489149.0,19974604.0,3134894.3174035395,19561508.5,2625982.8445820953,18799058.333333332,2637604.4905284303,2,0.8660254037844386,0.5000000000000001,2025,62
Riyadh,2025-03-01,23832215.0,5,riyadh,20047891.0,18022377.0,23590636.0,22166356.0,22288930.0,20553634.666666668,2818370.019186682,19919145.333333332,2497772.4745813496,19012286.833333332,2625481.008436119,3,1.0,6.123233995736766e-17,2025,63
Riyadh,2025-04-01,17809228.0,4,riyadh,23832215.0,20047891.0,18022377.0,17376813.0,15205150.0,20634161.0,2948955.540735738,20196788.5,2863354.0033222353,19140893.916666668,2830378.9577595345,4,0.8660254037844387,-0.4999999999999998,2025,64
Riyadh,2025-05-01,18894193.0,4,riyadh,17809228.0,23832215.0,20047891.0,18310799.0,17322117.0,20563111.333333332,3044368.9156296975,20268857.666666668,2782480.9172234475,19357900.416666668,2590886.958927272,5,0.49999999999999994,-0.8660254037844387,2025,65
Riyadh,2025-06-01,21656796.0,5,riyadh,18894193.0,17809228.0,23832215.0,23590636.0,19975741.0,20178545.333333332,3210337.0208821283,20366090.0,2709611.9544083746,19488906.75,2517291.2228957685,6,1.2246467991473532e-16,-1.0,2025,66
Tabuk,2020-05-01,464825.0,4,tabuk,,,,,,,,,,,,5,0.49999999999999994,-0.8660254037844387,2020,5
Tabuk,2020-06-01,624811.0,4,tabuk,464825.0,,,,,464825.0,,464825.0,,464825.0,,6,1.2246467991473532e-16,-1.0,2020,6
Tabuk,2020-07-01,498533.0,4,tabuk,624811.0,464825.0,,,,544818.0,113127.185494911,544818.0,113127.185494911,544818.0,113127.185494911,7,-0.4999999999999997,-0.8660254037844388,2020,7
Tabuk,2020-08-01,620951.0,5,tabuk,498533.0,624811.0,464825.0,,,529389.6666666666,84338.48740245069,529389.6666666666,84338.48740245069,529389.6666666666,84338.48740245069,8,-0.8660254037844384,-0.5000000000000004,2020,8
Tabuk,2020-09-01,560974.0,4,tabuk,620951.0,498533.0,624811.0,,,581431.6666666666,71818.28876639526,552280.0,82691.33214551571,552280.0,82691.33214551571,9,-1.0,-1.8369701987210297e-16,2020,9
Tabuk,2020-10-01,541784.0,4,tabuk,560974.0,620951.0,498533.0,,,560152.6666666666,61213.132760326305,554018.8,71718.264313911,554018.8,71718.264313911,10,-0.8660254037844386,0.5000000000000001,2020,10
Tabuk,2020-11-01,745009.0,5,tabuk,541784.0,560974.0,620951.0,464825.0,,574569.6666666666,41297.519130491775,551979.6666666666,64340.9351615802,551979.6666666666,64340.9351615802,11,-0.5000000000000004,0.8660254037844384,2020,11
Tabuk,2020-12-01,582606.0,4,tabuk,745009.0,541784.0,560974.0,624811.0,,615922.3333333334,112203.34067367749,598677.0,86347.34697719433,579555.2857142857,93662.69254922915,12,-2.4492935982947064e-16,1.0,2020,12
Tabuk,2021-01-01,693601.0,5,tabuk,582606.0,745009.0,541784.0,498533.0,,623133.0,107503.15554903491,591642.8333333334,85507.58531362384,579936.625,86721.51105190105,1,0.49999999999999994,0.8660254037844387,2021,13
Tabuk,2021-02-01,580189.0,4,tabuk,693601.0,582606.0,745009.0,620951.0,,673738.6666666666,83003.42050984001,624154.1666666666,79927.26899729935,592566.0,89532.4127634791,2,0.8660254037844386,0.5000000000000001,2021,14
Tabuk,2021-03-01,665144.0,4,tabuk,580189.0,693601.0,582606.0,560974.0,,618798.6666666666,64791.99237817377,617360.5,81960.47072766228,591328.3,84502.6591285084,3,1.0,6.123233995736766e-17,2021,15
Tabuk,2021-04-01,656206.0,4,tabuk,665144.0,580189.0,693601.0,541784.0,,646311.3333333334,59004.85095594538,634722.1666666666,78591.16296738872,598038.8181818182,83198.3837388902,4,0.8660254037844387,-0.4999999999999998,2021,16
Tabuk,2021-05-01,784341.0,5,tabuk,656206.0,665144.0,580189.0,745009.0,464825.0,633846.3333333334,46683.01646566264,653792.5,64070.025867795484,602886.0833333334,81084.23221615488,5,0.49999999999999994,-0.8660254037844387,2021,17
Tabuk,2021-06-01,648129.0,4,tabuk,784341.0,656206.0,665144.0,582606.0,624811.0,701897.0,71538.32408576534,660347.8333333334,76143.90019277087,629512.4166666666,84033.90245766968,6,1.2246467991473532e-16,-1.0,2021,18
Tabuk,2021-07-01,605294.0,4,tabuk,648129.0,784341.0,656206.0,693601.0,498533.0,696225.3333333334,76417.19385277982,671268.3333333334,66902.064242194,631455.5833333334,84184.76837016226,7,-0.4999999999999997,-0.8660254037844388,2021,19
Tabuk,2021-08-01,849943.0,5,tabuk,605294.0,648129.0,784341.0,580189.0,620951.0,679254.6666666666,93493.64896255426,656550.5,70616.72316031087,640352.3333333334,73869.67444989401,8,-0.8660254037844384,-0.5000000000000004,2021,20
Tabuk,2021-09-01,704598.0,4,tabuk,849943.0,605294.0,648129.0,665144.0,560974.0,701122.0,130650.20794855242,701509.5,94207.55621233354,659435.0,94967.01563748805,9,-1.0,-1.8369701987210297e-16,2021,21
Tabuk,2021-10-01,882022.0,5,tabuk,704598.0,849943.0,605294.0,656206.0,541784.0,719945.0,123044.42737076714,708085.1666666666,92523.47931939573,671403.6666666666,90369.04886311592,10,-0.8660254037844386,0.5000000000000001,2021,22
Tabuk,2021-11-01,733826.0,4,tabuk,882022.0,704598.0,849943.0,784341.0,745009.0,812187.6666666666,94545.85046596876,745721.1666666666,111235.54666277616,699756.8333333334,98969.33158842997,11,-0.5000000000000004,0.8660254037844384,2021,23
Tabuk,2021-12-01,748299.0,4,tabuk,733826.0,882022.0,704598.0,648129.0,582606.0,773482.0,95127.63896996493,737302.0,109627.95580142862,698824.9166666666,98556.2794691977,12,-2.4492935982947064e-16,1.0,2021,24
Tabuk,2022-01-01,912792.0,5,tabuk,748299.0,733826.0,882022.0,605294.0,693601.0,788049.0,81704.10319561674,753997.0,100586.49551107736,712632.6666666666,92195.31799424851,1,0.49999999999999994,0.8660254037844387,2022,25
Tabuk,2022-02-01,731920.0,4,tabuk,912792.0,748299.0,733826.0,849943.0,580189.0,798305.6666666666,99411.8067552005,805246.6666666666,87100.30449009151,730898.5833333334,108375.430419578,2,0.8660254037844386,0.5000000000000001,2022,26
Tabuk,2022-03-01,844244.0,4,tabuk,731920.0,912792.0,748299.0,704598.0,665144.0,797670.3333333334,100034.07675554031,785576.1666666666,88306.03786925701,743542.8333333334,97499.05043438153,3,1.0,6.123233995736766e-17,2022,27
Tabuk,2022-04-01,816343.0,4,tabuk,844244.0,731920.0,912792.0,882022.0,656206.0,829652.0,91314.64802538525,808850.5,80776.3149190404,758467.8333333334,98113.10430113848,4,0.8660254037844387,-0.4999999999999998,2022,28
Tabuk,2022-05-01,907401.0,5,tabuk,816343.0,844244.0,731920.0,733826.0,784341.0,797502.3333333334,58484.17122891739,797904.0,72948.17232803017,771812.5833333334,93732.23842458558,5,0.49999999999999994,-0.8660254037844387,2022,29
Tabuk,2022-06-01,838386.0,4,tabuk,907401.0,816343.0,844244.0,748299.0,648129.0,855996.0,46652.67376046086,826833.1666666666,76771.61200708667,782067.5833333334,101626.91793154596,6,1.2246467991473532e-16,-1.0,2022,30
Tabuk,2022-07-01,897743.0,5,tabuk,838386.0,907401.0,816343.0,912792.0,605294.0,854043.3333333334,47505.30398106433,841847.6666666666,66456.96865390909,797922.3333333334,93334.23697592874,7,-0.4999999999999997,-0.8660254037844388,2022,31
Tabuk,2022-08-01,824469.0,4,tabuk,897743.0,838386.0,907401.0,731920.0,849943.0,881176.6666666666,37371.11326055629,839339.5,63460.36222635345,822293.0833333334,74806.03216739163,8,-0.8660254037844384,-0.5000000000000004,2022,32
Tabuk,2022-09-01,826550.0,4,tabuk,824469.0,897743.0,838386.0,844244.0,704598.0,853532.6666666666,38914.46906143426,854764.3333333334,38446.63251660221,820170.25,74309.8590059039,9,-1.0,-1.8369701987210297e-16,2022,33
Tabuk,2022-10-01,1038198.0,5,tabuk,826550.0,824469.0,897743.0,816343.0,882022.0,849587.3333333334,41717.00869349725,851815.3333333334,40059.72876925972,830332.9166666666,64797.52051577648,10,-0.8660254037844386,0.5000000000000001,2022,34
Tabuk,2022-11-01,821953.0,4,tabuk,1038198.0,826550.0,824469.0,907401.0,733826.0,896405.6666666666,122800.17094586363,888791.1666666666,81609.86195654696,843347.5833333334,87744.18305864408,11,-0.5000000000000004,0.8660254037844384,2022,35
Tabuk,2022-12-01,838502.0,4,tabuk,821953.0,1038198.0,826550.0,838386.0,748299.0,895567.0,123543.45277269857,874549.8333333334,85094.0291898712,850691.5,81187.22016705955,12,-2.4492935982947064e-16,1.0,2022,36
Tabuk,2023-01-01,980123.0,5,tabuk,838502.0,821953.0,1038198.0,897743.0,912792.0,899551.0,120356.5964415744,874569.1666666666,85084.182105528,858208.4166666666,74767.10708649489,1,0.49999999999999994,0.8660254037844387,2023,37
Tabuk,2023-02-01,823874.0,4,tabuk,980123.0,838502.0,821953.0,824469.0,731920.0,880192.6666666666,86936.87934549604,888299.1666666666,95572.06495920576,863819.3333333334,81462.39107301844,2,0.8660254037844386,0.5000000000000001,2023,38
Tabuk,2023-03-01,858176.0,4,tabuk,823874.0,980123.0,838502.0,826550.0,844244.0,880833.0,86298.1614578202,888200.0,95651.81746522112,871482.1666666666,71662.6567503272,3,1.0,6.123233995736766e-17,2023,39
Tabuk,2023-04-01,1063280.0,5,tabuk,858176.0,823874.0,980123.0,1038198.0,816343.0,887391.0,82119.27099652069,893471.0,92390.87438919485,872643.1666666666,71293.1600656864,4,0.8660254037844387,-0.4999999999999998,2023,40
Tabuk,2023-05-01,855624.0,4,tabuk,1063280.0,858176.0,823874.0,821953.0,907401.0,915110.0,129460.10380036007,897651.3333333334,100463.63439905332,893221.25,87386.84355223503,5,0.49999999999999994,-0.8660254037844387,2023,41
Tabuk,2023-06-01,912629.0,4,tabuk,855624.0,1063280.0,858176.0,838502.0,838386.0,925693.3333333334,119160.38061928697,903263.1666666666,96241.16813592118,888906.5,87899.81268622135,6,1.2246467991473532e-16,-1.0,2023,42
Tabuk,2023-07-01,988869.0,5,tabuk,912629.0,855624.0,1063280.0,980123.0,897743.0,943844.3333333334,107289.5678075615,915617.6666666666,90873.23073967743,895093.4166666666,86624.18757584003,7,-0.4999999999999997,-0.8660254037844388,2023,43
Tabuk,2023-08-01,914813.0,4,tabuk,988869.0,912629.0,855624.0,823874.0,824469.0,919040.6666666666,66853.49361352288,917075.3333333334,92175.69243497253,902687.25,90772.48916747392,8,-0.8660254037844384,-0.5000000000000004,2023,44
Tabuk,2023-09-01,901222.0,4,tabuk,914813.0,988869.0,912629.0,858176.0,826550.0,938770.3333333334,43400.45812354227,932231.8333333334,80525.90147627443,910215.9166666666,87378.41526940453,9,-1.0,-1.8369701987210297e-16,2023,45
Tabuk,2023-10-01,1139046.0,5,tabuk,901222.0,914813.0,988869.0,1063280.0,1038198.0,934968.0,47171.67763605628,939406.1666666666,74284.0777055666,916438.5833333334,83449.00890795398,10,-0.8660254037844386,0.5000000000000001,2023,46
Tabuk,2023-11-01,928067.0,4,tabuk,1139046.0,901222.0,914813.0,855624.0,821953.0,985027.0,133557.35880512168,952033.8333333334,101138.72619213011,924842.5833333334,100218.98195311996,11,-0.5000000000000004,0.8660254037844384,2023,47
Tabuk,2023-12-01,1170310.0,5,tabuk,928067.0,1139046.0,901222.0,912629.0,838502.0,989445.0,130251.70980451662,964107.6666666666,91159.3090225385,933685.4166666666,94853.02979246732,12,-2.4492935982947064e-16,1.0,2023,48
Tabuk,2024-01-01,904975.0,4,tabuk,1170310.0,928067.0,1139046.0,988869.0,980123.0,1079141.0,131764.466116628,1007054.5,118619.44553697771,961336.0833333334,111487.73601241679,1,0.49999999999999994,0.8660254037844387,2024,49
Tabuk,2024-02-01,972037.0,4,tabuk,904975.0,1170310.0,928067.0,914813.0,823874.0,1001117.3333333334,146979.3487410165,993072.1666666666,125912.14582782189,955073.75,112442.99151297273,2,0.8660254037844386,0.5000000000000001,2024,50
Tabuk,2024-03-01,1274369.0,5,tabuk,972037.0,904975.0,1170310.0,901222.0,858176.0,1015774.0,137968.69004596662,1002609.5,120864.84934959387,967420.6666666666,104586.94120668121,3,1.0,6.123233995736766e-17,2024,51
Tabuk,2024-04-01,890314.0,4,tabuk,1274369.0,972037.0,904975.0,1139046.0,1063280.0,1050460.3333333333,196788.3284581008,1064800.6666666667,150604.72267318418,1002103.4166666666,130791.60222934725,4,0.8660254037844387,-0.4999999999999998,2024,52
Tabuk,2024-05-01,1009253.0,4,tabuk,890314.0,1274369.0,972037.0,928067.0,855624.0,1045573.3333333334,202312.27099791396,1023345.3333333334,160019.2937175599,987689.5833333334,132949.77574767155,5,0.49999999999999994,-0.8660254037844387,2024,53
Tabuk,2024-06-01,1171113.0,5,tabuk,1009253.0,890314.0,1274369.0,1170310.0,912629.0,1057978.6666666667,196609.26656781306,1036876.3333333334,153657.39624198605,1000492.0,126307.31345413098,6,1.2246467991473532e-16,-1.0,2024,54
Tabuk,2024-07-01,886761.0,4,tabuk,1171113.0,1009253.0,890314.0,904975.0,988869.0,1023560.0,140945.15701860795,1037010.1666666666,153797.14490772158,1022032.3333333334,131878.9731336576,7,-0.4999999999999997,-0.8660254037844388,2024,55
Tabuk,2024-08-01,1001796.0,4,tabuk,886761.0,1171113.0,1009253.0,972037.0,914813.0,1022375.6666666666,142629.4789352236,1033974.5,157069.43949954124,1013523.3333333334,137392.06973100663,8,-0.8660254037844384,-0.5000000000000004,2024,56
Tabuk,2024-09-01,1252539.0,5,tabuk,1001796.0,886761.0,1171113.0,1274369.0,901222.0,1019890.0,143036.91692356928,1038934.3333333334,155180.95656319015,1020771.9166666666,133962.57482491067,9,-1.0,-1.8369701987210297e-16,2024,57
Tabuk,2024-10-01,988305.0,4,tabuk,1252539.0,1001796.0,886761.0,890314.0,1139046.0,1047032.0,187037.71836985194,1035296.0,148676.62421241627,1050048.3333333333,143509.32230050987,10,-0.8660254037844386,0.5000000000000001,2024,58
Tabuk,2024-11-01,996181.0,4,tabuk,988305.0,1252539.0,1001796.0,1009253.0,928067.0,1080880.0,148814.01473315622,1051627.8333333333,134247.30463799532,1037486.5833333334,141595.53961930945,11,-0.5000000000000004,0.8660254037844384,2024,59
Tabuk,2024-12-01,1288885.0,5,tabuk,996181.0,988305.0,1252539.0,1171113.0,1170310.0,1079008.3333333333,150333.55263989934,1049449.1666666667,135175.39665844047,1043162.75,138133.38245144574,12,-2.4492935982947064e-16,1.0,2024,60
Tabuk,2025-01-01,963909.0,4,tabuk,1288885.0,996181.0,988305.0,886761.0,904975.0,1091123.6666666667,171311.60662761115,1069077.8333333333,162220.62872571644,1053044.0,151636.66999712927,1,0.49999999999999994,0.8660254037844387,2025,61
Tabuk,2025-02-01,1062936.0,4,tabuk,963909.0,1288885.0,996181.0,1001796.0,972037.0,1082991.6666666667,179037.47939840247,1081935.8333333333,147245.88192872066,1057955.1666666667,147297.3681594382,2,0.8660254037844386,0.5000000000000001,2025,62
Tabuk,2025-03-01,1265716.0,5,tabuk,1062936.0,963909.0,1288885.0,1252539.0,1274369.0,1105243.3333333333,166567.65287514072,1092125.8333333333,142634.03023460688,1065530.0833333333,144793.265263057,3,1.0,6.123233995736766e-17,2025,63
Tabuk,2025-04-01,966202.0,4,tabuk,1265716.0,1062936.0,963909.0,988305.0,890314.0,1097520.3333333333,153847.07795838497,1094322.0,145667.12459577172,1064809.0,143675.91526639555,4,0.8660254037844387,-0.4999999999999998,2025,64
Tabuk,2025-05-01,1019768.0,4,tabuk,966202.0,1265716.0,1062936.0,996181.0,1009253.0,1098284.6666666667,152853.86885955284,1090638.1666666667,149122.9440983739,1071133.0,136802.90222067697,5,0.49999999999999994,-0.8660254037844387,2025,65
Tabuk,2025-06-01,1230982.0,5,tabuk,1019768.0,966202.0,1265716.0,1288885.0,1171113.0,1083895.3333333333,159722.87002597153,1094569.3333333333,146421.28400156432,1072009.25,136403.60888062746,6,1.2246467991473532e-16,-1.0,2025,66
